file,class,method,constructor,line,cbo,cboModified,fanin,fanout,wmc,rfc,loc,returnsQty,variablesQty,parametersQty,methodsInvokedQty,methodsInvokedLocalQty,methodsInvokedIndirectLocalQty,loopQty,comparisonsQty,tryCatchQty,parenthesizedExpsQty,stringLiteralsQty,numbersQty,assignmentsQty,mathOperationsQty,maxNestedBlocksQty,anonymousClassesQty,innerClassesQty,lambdasQty,uniqueWordsQty,modifiers,logStatementsQty,hasJavaDoc
/home/roberto/Desktop/ProgettoEQS/UseCK/./gmaven/groovy-maven-plugin/src/main/java/org/codehaus/gmaven/plugin/ClassSourceFactory.java,org.codehaus.gmaven.plugin.ClassSourceFactory$InlineImpl,InlineImpl/1[java.lang.String],true,99,0,1,1,0,1,1,5,0,0,1,1,0,0,0,0,0,0,3,0,3,1,0,0,0,0,6,2,0,false
/home/roberto/Desktop/ProgettoEQS/UseCK/./gmaven/groovy-maven-plugin/src/main/java/org/codehaus/gmaven/plugin/ClassSourceFactory.java,org.codehaus.gmaven.plugin.ClassSourceFactory$InlineImpl,getInput/0,false,113,0,0,0,0,1,0,3,1,0,0,0,0,0,0,0,0,0,0,0,0,0,0,0,0,0,4,1,0,false
/home/roberto/Desktop/ProgettoEQS/UseCK/./gmaven/groovy-maven-plugin/src/main/java/org/codehaus/gmaven/plugin/ClassSourceFactory.java,org.codehaus.gmaven.plugin.ClassSourceFactory$InlineImpl,getName/0,false,105,0,0,0,0,1,0,3,1,0,0,0,0,0,0,0,0,0,0,0,0,0,0,0,0,0,3,1,0,false
/home/roberto/Desktop/ProgettoEQS/UseCK/./gmaven/groovy-maven-plugin/src/main/java/org/codehaus/gmaven/plugin/ClassSourceFactory.java,org.codehaus.gmaven.plugin.ClassSourceFactory$InlineImpl,toString/0,false,118,0,0,0,0,1,2,3,1,0,0,2,0,0,0,0,0,0,4,0,0,1,0,0,0,0,8,1,0,false
/home/roberto/Desktop/ProgettoEQS/UseCK/./gmaven/groovy-maven-plugin/src/main/java/org/codehaus/gmaven/plugin/ClassSourceFactory.java,org.codehaus.gmaven.plugin.ClassSourceFactory$InlineImpl,getCodeBase/0,false,109,0,0,0,0,1,0,3,1,0,0,0,0,0,0,0,0,0,0,0,0,0,0,0,0,0,4,1,0,false
/home/roberto/Desktop/ProgettoEQS/UseCK/./gmaven/groovy-maven-plugin/src/test/java/org/codehaus/gmaven/plugin/GroovyRuntimeFactoryTest.java,org.codehaus.gmaven.plugin.GroovyRuntimeFactoryTest,create_noServices/0,false,67,2,1,0,1,1,2,4,0,0,0,2,0,0,0,0,0,0,0,0,0,0,0,0,0,0,15,1,0,true
/home/roberto/Desktop/ProgettoEQS/UseCK/./gmaven/groovy-maven-plugin/src/test/java/org/codehaus/gmaven/plugin/GroovyRuntimeFactoryTest.java,org.codehaus.gmaven.plugin.GroovyRuntimeFactoryTest,setUp/0,false,51,3,1,0,1,1,0,9,0,0,0,0,0,0,0,0,0,0,0,0,2,0,0,1,0,0,14,1,0,false
/home/roberto/Desktop/ProgettoEQS/UseCK/./gmaven/groovy-maven-plugin/src/test/java/org/codehaus/gmaven/plugin/GroovyRuntimeFactoryTest.java,org.codehaus.gmaven.plugin.GroovyRuntimeFactoryTest,create_singleService/0,false,87,3,1,0,1,1,5,5,0,1,0,5,0,0,0,0,0,0,0,0,1,0,0,0,0,0,16,1,0,true
/home/roberto/Desktop/ProgettoEQS/UseCK/./gmaven/groovy-maven-plugin/src/test/java/org/codehaus/gmaven/plugin/GroovyRuntimeFactoryTest.java,org.codehaus.gmaven.plugin.GroovyRuntimeFactoryTest,create_multipuleServices/0,false,76,3,1,0,1,1,4,6,0,0,0,4,0,0,0,0,0,0,0,0,0,0,0,0,0,0,19,1,0,true
/home/roberto/Desktop/ProgettoEQS/UseCK/./gmaven/gmaven-adapter-api/src/main/java/org/codehaus/gmaven/adapter/ConsoleWindow.java,org.codehaus.gmaven.adapter.ConsoleWindow,"open/4[java.lang.ClassLoader,org.codehaus.gmaven.adapter.ResourceLoader,java.util.Map<java.lang.String,java.lang.Object>,java.util.Map<java.lang.String,java.lang.Object>]",false,37,3,1,1,0,1,0,1,0,0,4,0,0,0,0,0,0,0,0,0,0,0,0,0,0,0,7,0,0,false
/home/roberto/Desktop/ProgettoEQS/UseCK/./gmaven/groovy-maven-plugin/src/main/java/org/codehaus/gmaven/plugin/util/PropertiesBuilder.java,org.codehaus.gmaven.plugin.util.PropertiesBuilder,"setDefaults/1[java.util.Map<java.lang.String,java.lang.String>]",false,70,2,3,3,0,1,0,4,1,0,1,0,0,0,0,0,0,0,0,0,1,0,0,0,0,0,5,1,0,false
/home/roberto/Desktop/ProgettoEQS/UseCK/./gmaven/groovy-maven-plugin/src/main/java/org/codehaus/gmaven/plugin/util/PropertiesBuilder.java,org.codehaus.gmaven.plugin.util.PropertiesBuilder,build/0,false,75,2,5,3,2,7,11,26,1,2,0,11,1,1,1,4,0,0,2,0,3,0,2,0,0,0,10,1,2,false
/home/roberto/Desktop/ProgettoEQS/UseCK/./gmaven/groovy-maven-plugin/src/main/java/org/codehaus/gmaven/plugin/util/PropertiesBuilder.java,org.codehaus.gmaven.plugin.util.PropertiesBuilder,"resolve/1[java.util.Map<java.lang.String,java.lang.String>]",false,106,3,1,1,0,5,10,24,1,4,1,10,0,0,1,1,1,0,3,0,5,0,3,0,0,0,21,2,3,false
/home/roberto/Desktop/ProgettoEQS/UseCK/./gmaven/groovy-maven-plugin/src/main/java/org/codehaus/gmaven/plugin/util/PropertiesBuilder.java,org.codehaus.gmaven.plugin.util.PropertiesBuilder,"setProperties/1[java.util.Map<java.lang.String,java.lang.String>]",false,65,2,3,3,0,1,0,4,1,0,1,0,0,0,0,0,0,0,0,0,1,0,0,0,0,0,4,1,0,false
/home/roberto/Desktop/ProgettoEQS/UseCK/./gmaven/groovy-maven-plugin/src/main/java/org/codehaus/gmaven/plugin/util/PropertiesBuilder.java,org.codehaus.gmaven.plugin.util.PropertiesBuilder,setSession/1[org.codehaus.gmaven.plugin.util.MavenSession],false,60,3,0,0,0,1,0,4,1,0,1,0,0,0,0,0,0,0,0,0,1,0,0,0,0,0,6,1,0,false
/home/roberto/Desktop/ProgettoEQS/UseCK/./gmaven/groovy-maven-plugin/src/main/java/org/codehaus/gmaven/plugin/util/PropertiesBuilder.java,org.codehaus.gmaven.plugin.util.PropertiesBuilder,setProject/1[org.codehaus.gmaven.plugin.util.MavenProject],false,55,3,1,1,0,1,0,4,1,0,1,0,0,0,0,0,0,0,0,0,1,0,0,0,0,0,6,1,0,false
/home/roberto/Desktop/ProgettoEQS/UseCK/./gmaven/groovy-maven-plugin/src/test/java/org/codehaus/gmaven/plugin/ClassSourceFactoryTest.java,org.codehaus.gmaven.plugin.ClassSourceFactoryTest,assertFile/1[java.lang.String],false,71,2,6,2,4,1,10,9,0,1,1,10,0,0,0,0,0,0,0,0,1,0,0,0,0,0,9,2,0,false
/home/roberto/Desktop/ProgettoEQS/UseCK/./gmaven/groovy-maven-plugin/src/test/java/org/codehaus/gmaven/plugin/ClassSourceFactoryTest.java,org.codehaus.gmaven.plugin.ClassSourceFactoryTest,create_url_withWhitespace/0,false,67,2,2,0,2,1,2,3,0,0,0,2,2,1,0,0,0,0,1,0,0,0,0,0,0,0,8,1,0,false
/home/roberto/Desktop/ProgettoEQS/UseCK/./gmaven/groovy-maven-plugin/src/test/java/org/codehaus/gmaven/plugin/ClassSourceFactoryTest.java,org.codehaus.gmaven.plugin.ClassSourceFactoryTest,whitespace/1[java.lang.String],false,45,0,3,3,0,1,0,3,1,0,1,0,0,0,0,0,0,0,2,0,0,1,0,0,0,0,2,2,0,false
/home/roberto/Desktop/ProgettoEQS/UseCK/./gmaven/groovy-maven-plugin/src/test/java/org/codehaus/gmaven/plugin/ClassSourceFactoryTest.java,org.codehaus.gmaven.plugin.ClassSourceFactoryTest,assertUrl/1[java.lang.String],false,49,2,6,2,4,1,9,9,0,1,1,9,0,0,0,0,0,0,0,0,1,0,0,0,0,0,12,2,0,false
/home/roberto/Desktop/ProgettoEQS/UseCK/./gmaven/groovy-maven-plugin/src/test/java/org/codehaus/gmaven/plugin/ClassSourceFactoryTest.java,org.codehaus.gmaven.plugin.ClassSourceFactoryTest,create_inlineIncrementsCounter/0,false,130,2,1,0,1,1,5,7,0,0,0,5,0,0,0,0,0,0,2,3,0,0,0,0,0,0,6,1,0,false
/home/roberto/Desktop/ProgettoEQS/UseCK/./gmaven/groovy-maven-plugin/src/test/java/org/codehaus/gmaven/plugin/ClassSourceFactoryTest.java,org.codehaus.gmaven.plugin.ClassSourceFactoryTest,create_inline/0,false,120,2,1,0,1,1,1,3,0,0,0,1,1,1,0,0,0,0,1,0,0,0,0,0,0,0,5,1,0,false
/home/roberto/Desktop/ProgettoEQS/UseCK/./gmaven/groovy-maven-plugin/src/test/java/org/codehaus/gmaven/plugin/ClassSourceFactoryTest.java,org.codehaus.gmaven.plugin.ClassSourceFactoryTest,create_file_withWhitespace/0,false,89,2,2,0,2,1,4,3,0,0,0,4,2,1,0,0,0,0,0,0,0,0,0,0,0,0,8,1,0,false
/home/roberto/Desktop/ProgettoEQS/UseCK/./gmaven/groovy-maven-plugin/src/test/java/org/codehaus/gmaven/plugin/ClassSourceFactoryTest.java,org.codehaus.gmaven.plugin.ClassSourceFactoryTest,setUp/0,false,41,2,1,0,1,1,0,3,0,0,0,0,0,0,0,0,0,0,0,0,1,0,0,0,0,0,8,1,0,false
/home/roberto/Desktop/ProgettoEQS/UseCK/./gmaven/groovy-maven-plugin/src/test/java/org/codehaus/gmaven/plugin/ClassSourceFactoryTest.java,org.codehaus.gmaven.plugin.ClassSourceFactoryTest,create_file/0,false,84,2,1,0,1,1,3,3,0,0,0,3,1,1,0,0,0,0,0,0,0,0,0,0,0,0,5,1,0,false
/home/roberto/Desktop/ProgettoEQS/UseCK/./gmaven/groovy-maven-plugin/src/test/java/org/codehaus/gmaven/plugin/ClassSourceFactoryTest.java,org.codehaus.gmaven.plugin.ClassSourceFactoryTest,assertInline/1[java.lang.String],false,102,3,9,2,7,2,11,12,0,1,1,11,0,0,0,1,0,0,0,0,1,0,0,0,0,0,10,2,0,false
/home/roberto/Desktop/ProgettoEQS/UseCK/./gmaven/groovy-maven-plugin/src/test/java/org/codehaus/gmaven/plugin/ClassSourceFactoryTest.java,org.codehaus.gmaven.plugin.ClassSourceFactoryTest,create_inline_withWhitespace/0,false,125,2,2,0,2,1,2,3,0,0,0,2,2,1,0,0,0,0,1,0,0,0,0,0,0,0,8,1,0,false
/home/roberto/Desktop/ProgettoEQS/UseCK/./gmaven/groovy-maven-plugin/src/test/java/org/codehaus/gmaven/plugin/ClassSourceFactoryTest.java,org.codehaus.gmaven.plugin.ClassSourceFactoryTest,create_url/0,false,62,2,1,0,1,1,1,3,0,0,0,1,1,1,0,0,0,0,1,0,0,0,0,0,0,0,5,1,0,false
/home/roberto/Desktop/ProgettoEQS/UseCK/./gmaven/gmaven-adapter-impl/src/main/java/org/codehaus/gmaven/adapter/impl/ConsoleWindowImpl.java,org.codehaus.gmaven.adapter.impl.ConsoleWindowImpl,ConsoleWindowImpl/1[org.codehaus.gmaven.adapter.impl.GroovyRuntimeImpl],true,47,1,1,1,0,1,1,3,0,0,1,1,0,0,0,0,0,0,0,0,1,0,0,0,0,0,9,0,0,false
/home/roberto/Desktop/ProgettoEQS/UseCK/./gmaven/gmaven-adapter-impl/src/main/java/org/codehaus/gmaven/adapter/impl/ConsoleWindowImpl.java,org.codehaus.gmaven.adapter.impl.ConsoleWindowImpl,"configureOptions/2[org.codehaus.gmaven.adapter.impl.Console,java.util.Map<java.lang.String,java.lang.Object>]",false,117,1,1,1,0,1,0,2,0,0,2,0,0,0,0,0,0,0,0,0,0,0,0,0,0,0,4,2,0,false
/home/roberto/Desktop/ProgettoEQS/UseCK/./gmaven/gmaven-adapter-impl/src/main/java/org/codehaus/gmaven/adapter/impl/ConsoleWindowImpl.java,org.codehaus.gmaven.adapter.impl.ConsoleWindowImpl,"open/4[java.lang.ClassLoader,org.codehaus.gmaven.adapter.ResourceLoader,java.util.Map<java.lang.String,java.lang.Object>,java.util.Map<java.lang.String,java.lang.Object>]",false,57,9,4,0,4,2,6,44,1,3,4,6,1,1,0,1,0,0,2,0,3,0,1,2,0,0,32,1,2,false
/home/roberto/Desktop/ProgettoEQS/UseCK/./gmaven/gmaven-adapter-impl/src/main/java/org/codehaus/gmaven/adapter/impl/ShellRunnerImpl.java,org.codehaus.gmaven.adapter.impl.ShellRunnerImpl,ShellRunnerImpl/1[org.codehaus.gmaven.adapter.impl.GroovyRuntimeImpl],true,45,1,1,1,0,1,1,3,0,0,1,1,0,0,0,0,0,0,0,0,1,0,0,0,0,0,9,0,0,false
/home/roberto/Desktop/ProgettoEQS/UseCK/./gmaven/gmaven-adapter-impl/src/main/java/org/codehaus/gmaven/adapter/impl/ShellRunnerImpl.java,org.codehaus.gmaven.adapter.impl.ShellRunnerImpl,"run/4[java.lang.ClassLoader,org.codehaus.gmaven.adapter.ResourceLoader,java.util.Map<java.lang.String,java.lang.Object>,java.util.Map<java.lang.String,java.lang.Object>]",false,55,8,3,0,3,2,7,18,0,3,4,7,1,1,0,1,1,0,1,0,3,0,1,0,0,0,23,1,1,false
/home/roberto/Desktop/ProgettoEQS/UseCK/./gmaven/gmaven-adapter-impl/src/main/java/org/codehaus/gmaven/adapter/impl/ShellRunnerImpl.java,org.codehaus.gmaven.adapter.impl.ShellRunnerImpl,"configureOptions/2[org.codehaus.gmaven.adapter.impl.Groovysh,java.util.Map<java.lang.String,java.lang.Object>]",false,80,1,1,1,0,1,0,2,0,0,2,0,0,0,0,0,0,0,0,0,0,0,0,0,0,0,4,2,0,false
/home/roberto/Desktop/ProgettoEQS/UseCK/./gmaven/groovy-maven-plugin/src/test/java/org/codehaus/gmaven/plugin/util/PropertiesBuilderTest.java,org.codehaus.gmaven.plugin.util.PropertiesBuilderTest,defaults_used/0,false,43,2,3,0,3,1,6,6,0,1,0,6,0,0,0,0,0,0,6,0,1,0,0,0,0,0,6,1,0,false
/home/roberto/Desktop/ProgettoEQS/UseCK/./gmaven/groovy-maven-plugin/src/test/java/org/codehaus/gmaven/plugin/util/PropertiesBuilderTest.java,org.codehaus.gmaven.plugin.util.PropertiesBuilderTest,setUp/0,false,38,2,1,0,1,1,0,3,0,0,0,0,0,0,0,0,0,0,0,0,1,0,0,0,0,0,7,1,0,false
/home/roberto/Desktop/ProgettoEQS/UseCK/./gmaven/groovy-maven-plugin/src/test/java/org/codehaus/gmaven/plugin/util/PropertiesBuilderTest.java,org.codehaus.gmaven.plugin.util.PropertiesBuilderTest,properties_overrideDefaults/0,false,52,2,3,0,3,1,6,6,0,1,0,6,0,0,0,0,0,0,6,0,1,0,0,0,0,0,7,1,0,false
/home/roberto/Desktop/ProgettoEQS/UseCK/./gmaven/gmaven-adapter-api/src/main/java/org/codehaus/gmaven/adapter/ResourceLoader.java,org.codehaus.gmaven.adapter.ResourceLoader,loadResource/1[java.lang.String],false,33,1,1,1,0,1,0,1,0,0,1,0,0,0,0,0,0,0,0,0,0,0,0,0,0,0,8,0,0,false
/home/roberto/Desktop/ProgettoEQS/UseCK/./gmaven/gmaven-adapter-impl/src/main/java/org/codehaus/gmaven/adapter/impl/ConsoleWindowImpl.java,org.codehaus.gmaven.adapter.impl.ConsoleWindowImpl$Anonymous2,cleanup/0,false,111,0,2,2,0,1,1,3,0,0,0,1,0,0,0,0,0,0,0,0,0,0,0,0,0,0,1,2,0,false
/home/roberto/Desktop/ProgettoEQS/UseCK/./gmaven/gmaven-adapter-impl/src/main/java/org/codehaus/gmaven/adapter/impl/ConsoleWindowImpl.java,org.codehaus.gmaven.adapter.impl.ConsoleWindowImpl$Anonymous2,close/0,false,96,1,1,0,1,1,3,5,0,0,0,3,1,1,0,0,0,0,1,0,0,0,0,0,0,0,2,1,1,false
/home/roberto/Desktop/ProgettoEQS/UseCK/./gmaven/gmaven-adapter-impl/src/main/java/org/codehaus/gmaven/adapter/impl/ConsoleWindowImpl.java,org.codehaus.gmaven.adapter.impl.ConsoleWindowImpl$Anonymous2,await/0,false,103,1,1,0,1,1,3,7,0,0,0,3,1,1,0,0,0,0,1,0,0,0,1,0,0,0,5,1,1,false
/home/roberto/Desktop/ProgettoEQS/UseCK/./gmaven/groovy-maven-plugin/src/test/java/org/codehaus/gmaven/plugin/util/Maps2Test.java,org.codehaus.gmaven.plugin.util.Maps2Test$Anonymous1,propertyNames/0,false,41,0,0,0,0,1,3,3,1,0,0,3,0,0,0,0,0,0,1,0,0,0,0,0,0,0,2,1,0,false
/home/roberto/Desktop/ProgettoEQS/UseCK/./gmaven/groovy-maven-plugin/src/test/java/org/codehaus/gmaven/plugin/util/Maps2Test.java,org.codehaus.gmaven.plugin.util.Maps2Test$Anonymous1,getProperty/1[java.lang.String],false,46,0,0,0,0,2,2,6,2,0,1,2,0,0,0,0,0,0,1,0,0,0,1,0,0,0,4,1,0,false
/home/roberto/Desktop/ProgettoEQS/UseCK/./gmaven/gmaven-adapter-impl/src/main/java/org/codehaus/gmaven/adapter/impl/ConsoleWindowImpl.java,org.codehaus.gmaven.adapter.impl.ConsoleWindowImpl$Anonymous1,exit/1[java.util.EventObject],false,74,0,0,0,0,1,2,10,0,0,1,2,0,0,0,0,1,0,0,0,0,0,2,0,0,0,5,1,0,false
/home/roberto/Desktop/ProgettoEQS/UseCK/./gmaven/groovy-maven-plugin/src/main/java/org/codehaus/gmaven/plugin/MojoSupport.java,org.codehaus.gmaven.plugin.MojoSupport,run/0,false,69,0,1,1,0,1,0,1,0,0,0,0,0,0,0,0,0,0,0,0,0,0,0,0,0,0,2,1028,0,false
/home/roberto/Desktop/ProgettoEQS/UseCK/./gmaven/groovy-maven-plugin/src/main/java/org/codehaus/gmaven/plugin/MojoSupport.java,org.codehaus.gmaven.plugin.MojoSupport,cleanup/0,false,71,0,1,1,0,1,0,2,0,0,0,0,0,0,0,0,0,0,0,0,0,0,0,0,0,0,2,4,0,false
/home/roberto/Desktop/ProgettoEQS/UseCK/./gmaven/groovy-maven-plugin/src/main/java/org/codehaus/gmaven/plugin/MojoSupport.java,org.codehaus.gmaven.plugin.MojoSupport,isSkipped/0,false,75,0,1,1,0,1,0,3,1,0,0,0,0,0,0,0,0,0,0,0,0,0,0,0,0,0,3,4,0,false
/home/roberto/Desktop/ProgettoEQS/UseCK/./gmaven/groovy-maven-plugin/src/main/java/org/codehaus/gmaven/plugin/MojoSupport.java,org.codehaus.gmaven.plugin.MojoSupport,execute/0,false,40,3,9,5,4,3,9,23,1,0,0,9,4,1,0,0,2,0,5,0,0,0,2,0,0,0,16,1,5,false
/home/roberto/Desktop/ProgettoEQS/UseCK/./gmaven/groovy-maven-plugin/src/main/java/org/codehaus/gmaven/plugin/MojoSupport.java,org.codehaus.gmaven.plugin.MojoSupport,MojoSupport/0,true,36,0,0,0,0,1,1,3,0,0,0,1,0,0,0,0,0,0,1,0,0,0,0,0,0,0,2,4,1,false
/home/roberto/Desktop/ProgettoEQS/UseCK/./gmaven/groovy-maven-plugin/src/main/java/org/codehaus/gmaven/plugin/MojoSupport.java,org.codehaus.gmaven.plugin.MojoSupport,prepare/0,false,65,0,1,1,0,1,0,2,0,0,0,0,0,0,0,0,0,0,0,0,0,0,0,0,0,0,2,4,0,false
/home/roberto/Desktop/ProgettoEQS/UseCK/./gmaven/gmaven-testsuite/src/test/java/org/codehaus/gmaven/testsuite/suite/Maven31x_Groovy215_SuiteIT.java,org.codehaus.gmaven.testsuite.suite.Maven31x_Groovy215_SuiteIT,configureCombination/0,false,30,2,2,0,2,1,2,4,0,0,0,2,0,0,0,0,0,0,2,0,0,0,0,0,0,0,7,9,0,false
/home/roberto/Desktop/ProgettoEQS/UseCK/./gmaven/gmaven-testsuite/src/test/java/org/codehaus/gmaven/testsuite/ITSupport.java,org.codehaus.gmaven.testsuite.ITSupport,detectUnderTestVersion/0,false,193,1,2,1,1,2,3,9,1,2,0,3,1,1,0,1,0,0,3,0,3,0,1,0,0,0,44,2,0,true
/home/roberto/Desktop/ProgettoEQS/UseCK/./gmaven/gmaven-testsuite/src/test/java/org/codehaus/gmaven/testsuite/ITSupport.java,org.codehaus.gmaven.testsuite.ITSupport,getMavenVersion/0,false,85,0,0,0,0,1,0,3,1,0,0,0,0,0,0,0,0,0,0,0,0,0,0,0,0,0,7,4,0,true
/home/roberto/Desktop/ProgettoEQS/UseCK/./gmaven/gmaven-testsuite/src/test/java/org/codehaus/gmaven/testsuite/ITSupport.java,org.codehaus.gmaven.testsuite.ITSupport,logProperties/1[java.util.Properties],false,159,0,1,1,0,2,4,7,0,1,1,4,0,0,1,0,0,0,1,0,1,0,1,0,0,0,8,2,0,true
/home/roberto/Desktop/ProgettoEQS/UseCK/./gmaven/gmaven-testsuite/src/test/java/org/codehaus/gmaven/testsuite/ITSupport.java,org.codehaus.gmaven.testsuite.ITSupport,goal/1[java.lang.String],false,272,0,7,7,0,1,1,3,1,0,1,1,0,0,0,0,0,0,1,0,0,0,0,0,0,0,9,4,0,true
/home/roberto/Desktop/ProgettoEQS/UseCK/./gmaven/gmaven-testsuite/src/test/java/org/codehaus/gmaven/testsuite/ITSupport.java,org.codehaus.gmaven.testsuite.ITSupport,getGroovyVersion/0,false,92,0,1,1,0,1,0,3,1,0,0,0,0,0,0,0,0,0,0,0,0,0,0,0,0,0,7,4,0,true
/home/roberto/Desktop/ProgettoEQS/UseCK/./gmaven/gmaven-testsuite/src/test/java/org/codehaus/gmaven/testsuite/ITSupport.java,org.codehaus.gmaven.testsuite.ITSupport,createSettingsFile/1[java.io.File],false,209,1,2,1,1,1,6,3,1,0,1,6,1,1,0,0,0,0,2,0,0,0,0,0,0,0,19,2,0,true
/home/roberto/Desktop/ProgettoEQS/UseCK/./gmaven/gmaven-testsuite/src/test/java/org/codehaus/gmaven/testsuite/ITSupport.java,org.codehaus.gmaven.testsuite.ITSupport,"interpolate/2[java.io.File,java.util.Map<java.lang.String,java.lang.String>]",false,221,3,1,1,0,1,6,9,1,3,2,6,0,0,0,0,0,0,0,0,4,0,0,0,0,0,20,2,0,true
/home/roberto/Desktop/ProgettoEQS/UseCK/./gmaven/gmaven-testsuite/src/test/java/org/codehaus/gmaven/testsuite/ITSupport.java,org.codehaus.gmaven.testsuite.ITSupport,detectBuildRepository/0,false,234,0,1,1,0,2,2,8,2,2,0,2,0,0,0,1,0,0,3,0,2,0,1,0,0,0,16,2,0,true
/home/roberto/Desktop/ProgettoEQS/UseCK/./gmaven/gmaven-testsuite/src/test/java/org/codehaus/gmaven/testsuite/ITSupport.java,org.codehaus.gmaven.testsuite.ITSupport,"reportFile/2[java.lang.String,java.lang.String]",false,248,1,2,1,1,1,2,3,0,0,2,2,1,1,0,0,0,0,0,0,0,0,0,0,0,0,13,2,0,true
/home/roberto/Desktop/ProgettoEQS/UseCK/./gmaven/gmaven-testsuite/src/test/java/org/codehaus/gmaven/testsuite/ITSupport.java,org.codehaus.gmaven.testsuite.ITSupport,setUp/0,false,97,2,4,0,4,1,16,23,0,0,0,16,4,3,0,0,0,0,18,0,6,2,0,0,0,0,25,1,0,false
/home/roberto/Desktop/ProgettoEQS/UseCK/./gmaven/gmaven-testsuite/src/test/java/org/codehaus/gmaven/testsuite/ITSupport.java,org.codehaus.gmaven.testsuite.ITSupport,loadResourceProperties/1[java.lang.String],false,170,0,1,1,0,2,6,15,1,3,1,6,0,0,0,1,1,0,1,0,3,0,2,0,0,0,24,2,0,true
/home/roberto/Desktop/ProgettoEQS/UseCK/./gmaven/gmaven-testsuite/src/test/java/org/codehaus/gmaven/testsuite/ITSupport.java,org.codehaus.gmaven.testsuite.ITSupport,verifier/1[java.lang.String],false,255,2,7,3,4,1,6,7,1,2,1,6,1,1,0,0,0,0,7,0,2,1,0,0,0,0,23,4,0,true
/home/roberto/Desktop/ProgettoEQS/UseCK/./gmaven/gmaven-testsuite/src/test/java/org/codehaus/gmaven/testsuite/ITSupport.java,org.codehaus.gmaven.testsuite.ITSupport,tearDown/0,false,137,2,1,0,1,1,2,4,0,0,0,2,1,2,0,0,0,0,3,0,0,0,0,0,0,0,5,1,0,false
/home/roberto/Desktop/ProgettoEQS/UseCK/./gmaven/gmaven-testsuite/src/test/java/org/codehaus/gmaven/testsuite/ITSupport.java,org.codehaus.gmaven.testsuite.ITSupport,testdir/0,false,152,0,3,3,0,1,1,3,1,0,0,1,0,0,0,0,0,0,0,0,0,0,0,0,0,0,9,4,0,true
/home/roberto/Desktop/ProgettoEQS/UseCK/./gmaven/gmaven-adapter-api/src/main/java/org/codehaus/gmaven/adapter/ClosureTarget.java,org.codehaus.gmaven.adapter.ClosureTarget,call/1[java.lang.Object[]],false,28,1,1,1,0,1,0,1,0,0,1,0,0,0,0,0,0,0,0,0,0,0,0,0,0,0,4,0,0,false
/home/roberto/Desktop/ProgettoEQS/UseCK/./gmaven/groovy-maven-plugin/src/test/java/org/codehaus/gmaven/plugin/MojoSupportTest.java,org.codehaus.gmaven.plugin.MojoSupportTest$Anonymous1,prepare/0,false,86,0,0,0,0,1,0,3,0,0,0,0,0,0,0,0,0,0,1,0,0,0,0,0,0,0,2,4,0,false
/home/roberto/Desktop/ProgettoEQS/UseCK/./gmaven/groovy-maven-plugin/src/main/java/org/codehaus/gmaven/plugin/MojoResourceLoader.java,org.codehaus.gmaven.plugin.MojoResourceLoader,"resolve/2[java.lang.String,java.lang.ClassLoader]",false,56,3,2,0,2,10,11,31,4,6,2,11,0,0,1,5,0,0,1,1,7,0,3,0,0,0,21,4,0,false
/home/roberto/Desktop/ProgettoEQS/UseCK/./gmaven/groovy-maven-plugin/src/main/java/org/codehaus/gmaven/plugin/MojoResourceLoader.java,org.codehaus.gmaven.plugin.MojoResourceLoader,"MojoResourceLoader/3[java.lang.ClassLoader,org.codehaus.gmaven.adapter.ClassSource,java.util.List<java.io.File>]",true,43,2,1,1,0,1,0,5,0,0,3,0,0,0,0,0,0,0,0,0,2,0,0,0,0,0,7,1,0,false
/home/roberto/Desktop/ProgettoEQS/UseCK/./gmaven/groovy-maven-plugin/src/main/java/org/codehaus/gmaven/plugin/MojoResourceLoader.java,org.codehaus.gmaven.plugin.MojoResourceLoader,"MojoResourceLoader/2[java.lang.ClassLoader,java.util.List<java.io.File>]",true,51,1,2,2,0,1,0,3,0,0,2,0,0,0,0,0,0,0,0,0,0,0,0,0,0,0,5,1,0,false
/home/roberto/Desktop/ProgettoEQS/UseCK/./gmaven/gmaven-adapter-api/src/main/java/org/codehaus/gmaven/adapter/ShellRunner.java,org.codehaus.gmaven.adapter.ShellRunner,"run/4[java.lang.ClassLoader,org.codehaus.gmaven.adapter.ResourceLoader,java.util.Map<java.lang.String,java.lang.Object>,java.util.Map<java.lang.String,java.lang.Object>]",false,32,2,1,1,0,1,0,1,0,0,4,0,0,0,0,0,0,0,0,0,0,0,0,0,0,0,5,0,0,false
/home/roberto/Desktop/ProgettoEQS/UseCK/./gmaven/groovy-maven-plugin/src/test/java/org/codehaus/gmaven/plugin/FailClosureTargetTest.java,org.codehaus.gmaven.plugin.FailClosureTargetTest,fail_noArgs/0,false,52,2,1,0,1,2,4,8,0,0,0,4,0,0,0,0,1,0,0,1,0,0,1,0,0,0,9,1,0,false
/home/roberto/Desktop/ProgettoEQS/UseCK/./gmaven/groovy-maven-plugin/src/test/java/org/codehaus/gmaven/plugin/FailClosureTargetTest.java,org.codehaus.gmaven.plugin.FailClosureTargetTest,fail_throwable/0,false,73,2,1,0,1,2,5,10,0,1,0,5,0,0,0,0,1,0,3,0,1,0,1,0,0,0,10,1,0,false
/home/roberto/Desktop/ProgettoEQS/UseCK/./gmaven/groovy-maven-plugin/src/test/java/org/codehaus/gmaven/plugin/FailClosureTargetTest.java,org.codehaus.gmaven.plugin.FailClosureTargetTest,fail_null/0,false,42,2,1,0,1,2,4,8,0,0,0,4,0,0,0,0,1,0,0,0,0,0,1,0,0,0,8,1,0,false
/home/roberto/Desktop/ProgettoEQS/UseCK/./gmaven/groovy-maven-plugin/src/test/java/org/codehaus/gmaven/plugin/FailClosureTargetTest.java,org.codehaus.gmaven.plugin.FailClosureTargetTest,setUp/0,false,37,2,1,0,1,1,0,3,0,0,0,0,0,0,0,0,0,0,0,0,1,0,0,0,0,0,8,1,0,false
/home/roberto/Desktop/ProgettoEQS/UseCK/./gmaven/groovy-maven-plugin/src/test/java/org/codehaus/gmaven/plugin/FailClosureTargetTest.java,org.codehaus.gmaven.plugin.FailClosureTargetTest,fail_invalidArgs/0,false,102,2,1,0,1,1,1,3,0,0,0,1,0,0,0,0,0,0,0,2,0,0,0,0,0,0,10,1,0,true
/home/roberto/Desktop/ProgettoEQS/UseCK/./gmaven/groovy-maven-plugin/src/test/java/org/codehaus/gmaven/plugin/FailClosureTargetTest.java,org.codehaus.gmaven.plugin.FailClosureTargetTest,fail_objectAndThrowable/0,false,86,2,1,0,1,2,5,10,0,1,0,5,0,0,0,0,1,0,4,0,1,0,1,0,0,0,11,1,0,false
/home/roberto/Desktop/ProgettoEQS/UseCK/./gmaven/groovy-maven-plugin/src/test/java/org/codehaus/gmaven/plugin/FailClosureTargetTest.java,org.codehaus.gmaven.plugin.FailClosureTargetTest,fail_object/0,false,62,2,1,0,1,2,6,9,0,0,0,6,0,0,0,0,1,0,2,0,0,0,1,0,0,0,8,1,0,false
/home/roberto/Desktop/ProgettoEQS/UseCK/./gmaven/groovy-maven-plugin/src/test/java/org/codehaus/gmaven/plugin/FailClosureTargetTest.java,org.codehaus.gmaven.plugin.FailClosureTargetTest,fail_tooManyArgs/0,false,110,2,1,0,1,1,1,3,0,0,0,1,0,0,0,0,0,0,0,3,0,0,0,0,0,0,11,1,0,true
/home/roberto/Desktop/ProgettoEQS/UseCK/./gmaven/gmaven-adapter-impl/src/main/java/org/codehaus/gmaven/adapter/impl/ScriptExecutorImpl.java,org.codehaus.gmaven.adapter.impl.ScriptExecutorImpl,ScriptExecutorImpl/1[org.codehaus.gmaven.adapter.impl.GroovyRuntimeImpl],true,47,1,1,1,0,1,1,3,0,0,1,1,0,0,0,0,0,0,0,0,1,0,0,0,0,0,9,0,0,false
/home/roberto/Desktop/ProgettoEQS/UseCK/./gmaven/gmaven-adapter-impl/src/main/java/org/codehaus/gmaven/adapter/impl/ScriptExecutorImpl.java,org.codehaus.gmaven.adapter.impl.ScriptExecutorImpl,"configureOptions/2[org.codehaus.gmaven.adapter.impl.GroovyShell,java.util.Map<java.lang.String,java.lang.Object>]",false,90,1,1,1,0,1,0,2,0,0,2,0,0,0,0,0,0,0,0,0,0,0,0,0,0,0,5,2,0,false
/home/roberto/Desktop/ProgettoEQS/UseCK/./gmaven/gmaven-adapter-impl/src/main/java/org/codehaus/gmaven/adapter/impl/ScriptExecutorImpl.java,org.codehaus.gmaven.adapter.impl.ScriptExecutorImpl,"execute/5[org.codehaus.gmaven.adapter.ClassSource,java.lang.ClassLoader,org.codehaus.gmaven.adapter.ResourceLoader,java.util.Map<java.lang.String,java.lang.Object>,java.util.Map<java.lang.String,java.lang.Object>]",false,59,10,4,0,4,2,8,21,1,5,5,8,1,1,0,1,1,0,1,0,5,0,1,0,0,0,28,1,1,false
/home/roberto/Desktop/ProgettoEQS/UseCK/./gmaven/groovy-maven-plugin/src/test/java/org/codehaus/gmaven/plugin/ClasspathScopeTest.java,org.codehaus.gmaven.plugin.ClasspathScopeTest,matches_test/0,false,77,2,1,0,1,1,3,8,0,1,0,3,0,0,0,0,0,0,0,0,1,0,0,0,0,0,13,1,0,false
/home/roberto/Desktop/ProgettoEQS/UseCK/./gmaven/groovy-maven-plugin/src/test/java/org/codehaus/gmaven/plugin/ClasspathScopeTest.java,org.codehaus.gmaven.plugin.ClasspathScopeTest,matches_provided/0,false,47,2,1,0,1,1,3,8,0,1,0,3,0,0,0,0,0,0,0,0,1,0,0,0,0,0,13,1,0,false
/home/roberto/Desktop/ProgettoEQS/UseCK/./gmaven/groovy-maven-plugin/src/test/java/org/codehaus/gmaven/plugin/ClasspathScopeTest.java,org.codehaus.gmaven.plugin.ClasspathScopeTest,matches_runtime/0,false,67,2,1,0,1,1,3,8,0,1,0,3,0,0,0,0,0,0,0,0,1,0,0,0,0,0,13,1,0,false
/home/roberto/Desktop/ProgettoEQS/UseCK/./gmaven/groovy-maven-plugin/src/test/java/org/codehaus/gmaven/plugin/ClasspathScopeTest.java,org.codehaus.gmaven.plugin.ClasspathScopeTest,matches_none/0,false,37,2,1,0,1,1,3,8,0,1,0,3,0,0,0,0,0,0,0,0,1,0,0,0,0,0,13,1,0,false
/home/roberto/Desktop/ProgettoEQS/UseCK/./gmaven/groovy-maven-plugin/src/test/java/org/codehaus/gmaven/plugin/ClasspathScopeTest.java,org.codehaus.gmaven.plugin.ClasspathScopeTest,matches_compile/0,false,57,2,1,0,1,1,3,8,0,1,0,3,0,0,0,0,0,0,0,0,1,0,0,0,0,0,13,1,0,false
/home/roberto/Desktop/ProgettoEQS/UseCK/./gmaven/gmaven-testsuite/src/test/java/org/codehaus/gmaven/testsuite/MavenVerifier.java,org.codehaus.gmaven.testsuite.MavenVerifier,errorFree/0,false,48,1,9,9,0,1,1,4,1,0,0,1,0,0,0,0,0,0,0,0,0,0,0,0,0,0,5,1,0,false
/home/roberto/Desktop/ProgettoEQS/UseCK/./gmaven/gmaven-testsuite/src/test/java/org/codehaus/gmaven/testsuite/MavenVerifier.java,org.codehaus.gmaven.testsuite.MavenVerifier,logContains/1[java.lang.String[]],false,53,1,9,9,0,2,1,6,1,0,1,1,0,0,1,0,0,0,0,0,0,0,1,0,0,0,7,1,0,false
/home/roberto/Desktop/ProgettoEQS/UseCK/./gmaven/gmaven-testsuite/src/test/java/org/codehaus/gmaven/testsuite/MavenVerifier.java,org.codehaus.gmaven.testsuite.MavenVerifier,executeGoal/1[java.lang.String],false,60,1,7,7,0,1,1,4,1,0,1,1,0,0,0,0,0,0,0,0,0,0,0,0,0,0,6,1,0,false
/home/roberto/Desktop/ProgettoEQS/UseCK/./gmaven/gmaven-testsuite/src/test/java/org/codehaus/gmaven/testsuite/MavenVerifier.java,org.codehaus.gmaven.testsuite.MavenVerifier,addProfile/1[java.lang.String],false,43,1,2,2,0,1,1,4,1,0,1,1,0,0,0,0,0,0,1,0,0,1,0,0,0,0,6,1,0,false
/home/roberto/Desktop/ProgettoEQS/UseCK/./gmaven/gmaven-testsuite/src/test/java/org/codehaus/gmaven/testsuite/MavenVerifier.java,org.codehaus.gmaven.testsuite.MavenVerifier,"MavenVerifier/2[java.io.File,java.io.File]",true,29,1,1,1,0,1,1,3,0,0,2,1,0,0,0,0,0,0,0,0,1,0,0,0,0,0,5,1,0,false
/home/roberto/Desktop/ProgettoEQS/UseCK/./gmaven/gmaven-testsuite/src/test/java/org/codehaus/gmaven/testsuite/MavenVerifier.java,org.codehaus.gmaven.testsuite.MavenVerifier,"setProperty/2[java.lang.String,java.lang.Object]",false,33,1,8,8,0,1,3,4,1,0,2,3,0,0,0,0,0,0,0,0,0,0,0,0,0,0,6,1,0,false
/home/roberto/Desktop/ProgettoEQS/UseCK/./gmaven/gmaven-testsuite/src/test/java/org/codehaus/gmaven/testsuite/MavenVerifier.java,org.codehaus.gmaven.testsuite.MavenVerifier,addArg/1[java.lang.String],false,38,1,1,1,0,1,1,4,1,0,1,1,0,0,0,0,0,0,0,0,0,0,0,0,0,0,5,1,0,false
/home/roberto/Desktop/ProgettoEQS/UseCK/./gmaven/groovy-maven-plugin/src/main/java/org/codehaus/gmaven/plugin/util/ContainerHelper.java,org.codehaus.gmaven.plugin.util.ContainerHelper,"lookup/2[java.lang.Class,java.lang.String]",false,68,0,0,0,0,1,3,8,1,1,2,3,0,0,0,0,0,0,2,0,1,0,0,0,0,0,10,1,2,false
/home/roberto/Desktop/ProgettoEQS/UseCK/./gmaven/groovy-maven-plugin/src/main/java/org/codehaus/gmaven/plugin/util/ContainerHelper.java,org.codehaus.gmaven.plugin.util.ContainerHelper,ContainerHelper/0,true,41,0,0,0,0,1,0,2,0,0,0,0,0,0,0,0,0,0,0,0,0,0,0,0,0,0,2,1,0,false
/home/roberto/Desktop/ProgettoEQS/UseCK/./gmaven/groovy-maven-plugin/src/main/java/org/codehaus/gmaven/plugin/util/ContainerHelper.java,org.codehaus.gmaven.plugin.util.ContainerHelper,lookup/1[java.lang.Class],false,48,0,0,0,0,1,3,7,1,1,1,3,0,0,0,0,0,0,2,0,1,0,0,0,0,0,9,1,2,false
/home/roberto/Desktop/ProgettoEQS/UseCK/./gmaven/groovy-maven-plugin/src/main/java/org/codehaus/gmaven/plugin/util/ContainerHelper.java,org.codehaus.gmaven.plugin.util.ContainerHelper,"lookup/2[java.lang.String,java.lang.String]",false,79,0,0,0,0,1,3,8,1,1,2,3,0,0,0,0,0,0,2,0,1,0,0,0,0,0,10,1,2,false
/home/roberto/Desktop/ProgettoEQS/UseCK/./gmaven/groovy-maven-plugin/src/main/java/org/codehaus/gmaven/plugin/util/ContainerHelper.java,org.codehaus.gmaven.plugin.util.ContainerHelper,ContainerHelper/1[org.codehaus.gmaven.plugin.util.PlexusContainer],true,44,2,0,0,0,1,1,3,0,0,1,1,0,0,0,0,0,0,0,0,1,0,0,0,0,0,7,1,0,false
/home/roberto/Desktop/ProgettoEQS/UseCK/./gmaven/groovy-maven-plugin/src/main/java/org/codehaus/gmaven/plugin/util/ContainerHelper.java,org.codehaus.gmaven.plugin.util.ContainerHelper,lookup/1[java.lang.String],false,58,0,0,0,0,1,3,7,1,1,1,3,0,0,0,0,0,0,2,0,1,0,0,0,0,0,9,1,2,false
/home/roberto/Desktop/ProgettoEQS/UseCK/./gmaven/gmaven-testsuite/src/test/java/org/codehaus/gmaven/testsuite/tests/Scriptpath.java,org.codehaus.gmaven.testsuite.tests.Scriptpath,scriptpathPropertyResolvesClass/0,false,45,4,7,0,7,1,7,3,0,0,0,7,1,1,0,0,0,0,6,0,0,0,0,0,0,0,9,1,0,false
/home/roberto/Desktop/ProgettoEQS/UseCK/./gmaven/gmaven-testsuite/src/test/java/org/codehaus/gmaven/testsuite/tests/Scriptpath.java,org.codehaus.gmaven.testsuite.tests.Scriptpath,scriptpathResolvesClass/0,false,36,4,6,0,6,1,6,3,0,0,0,6,1,1,0,0,0,0,4,0,0,0,0,0,0,0,6,1,0,false
/home/roberto/Desktop/ProgettoEQS/UseCK/./gmaven/gmaven-testsuite/src/test/java/org/codehaus/gmaven/testsuite/tests/Scriptpath.java,org.codehaus.gmaven.testsuite.tests.Scriptpath,verifier/0,false,30,2,5,3,2,1,3,3,1,0,0,3,0,0,0,0,0,0,1,0,0,0,0,0,0,0,4,2,0,false
/home/roberto/Desktop/ProgettoEQS/UseCK/./gmaven/gmaven-testsuite/src/test/java/org/codehaus/gmaven/testsuite/tests/Scriptpath.java,org.codehaus.gmaven.testsuite.tests.Scriptpath,peerResolvesClass/0,false,55,4,6,0,6,1,6,3,0,0,0,6,1,1,0,0,0,0,4,0,0,0,0,0,0,0,6,1,0,false
/home/roberto/Desktop/ProgettoEQS/UseCK/./gmaven/groovy-maven-plugin/src/test/java/org/codehaus/gmaven/plugin/util/Maps2Test.java,org.codehaus.gmaven.plugin.util.Maps2Test,fromProperties_entryWithNullValue/0,false,38,2,2,0,2,1,3,16,0,2,0,3,0,0,0,0,0,0,1,0,2,0,0,1,0,0,17,1,0,false
/home/roberto/Desktop/ProgettoEQS/UseCK/./gmaven/groovy-maven-plugin/src/main/java/org/codehaus/gmaven/plugin/FailClosureTarget.java,org.codehaus.gmaven.plugin.FailClosureTarget,call/1[java.lang.Object[]],false,75,2,7,7,0,7,2,25,0,1,1,2,0,0,0,4,0,0,2,9,1,0,2,0,0,0,29,1,0,true
/home/roberto/Desktop/ProgettoEQS/UseCK/./gmaven/groovy-maven-plugin/src/main/java/org/codehaus/gmaven/plugin/BasicResourceLoader.java,org.codehaus.gmaven.plugin.BasicResourceLoader,resourceName/1[java.lang.String],false,77,0,2,2,0,3,3,11,1,1,1,3,0,0,0,0,0,0,2,0,4,1,1,0,0,0,14,4,0,true
/home/roberto/Desktop/ProgettoEQS/UseCK/./gmaven/groovy-maven-plugin/src/main/java/org/codehaus/gmaven/plugin/BasicResourceLoader.java,org.codehaus.gmaven.plugin.BasicResourceLoader,loadResource/1[java.lang.String],false,48,2,1,0,1,1,1,3,1,0,1,1,1,2,0,0,0,0,0,0,0,0,0,0,0,0,9,1,0,false
/home/roberto/Desktop/ProgettoEQS/UseCK/./gmaven/groovy-maven-plugin/src/main/java/org/codehaus/gmaven/plugin/BasicResourceLoader.java,org.codehaus.gmaven.plugin.BasicResourceLoader,"resolve/2[java.lang.String,java.lang.ClassLoader]",false,53,2,2,1,1,2,5,13,1,3,2,5,1,1,0,1,0,0,3,0,5,0,1,0,0,0,16,4,3,false
/home/roberto/Desktop/ProgettoEQS/UseCK/./gmaven/groovy-maven-plugin/src/main/java/org/codehaus/gmaven/plugin/BasicResourceLoader.java,org.codehaus.gmaven.plugin.BasicResourceLoader,BasicResourceLoader/1[java.lang.ClassLoader],true,43,0,0,0,0,1,1,3,0,0,1,1,0,0,0,0,0,0,0,0,1,0,0,0,0,0,8,1,0,false
/home/roberto/Desktop/ProgettoEQS/UseCK/./gmaven/gmaven-testsuite/src/test/java/org/codehaus/gmaven/testsuite/suite/SuiteSupport.java,org.codehaus.gmaven.testsuite.suite.SuiteSupport,setGroovyVersion/1[java.lang.String],false,35,0,4,4,0,1,1,3,0,0,1,1,0,0,0,0,0,0,1,0,0,0,0,0,0,0,4,12,0,false
/home/roberto/Desktop/ProgettoEQS/UseCK/./gmaven/gmaven-testsuite/src/test/java/org/codehaus/gmaven/testsuite/suite/SuiteSupport.java,org.codehaus.gmaven.testsuite.suite.SuiteSupport,setMavenVersion/1[java.lang.String],false,31,0,4,4,0,1,1,3,0,0,1,1,0,0,0,0,0,0,1,0,0,0,0,0,0,0,4,12,0,false
/home/roberto/Desktop/ProgettoEQS/UseCK/./gmaven/gmaven-adapter-api/src/main/java/org/codehaus/gmaven/adapter/GroovyRuntime.java,org.codehaus.gmaven.adapter.GroovyRuntime,createConsoleWindow/0,false,27,1,1,1,0,1,0,1,0,0,0,0,0,0,0,0,0,0,0,0,0,0,0,0,0,0,3,0,0,false
/home/roberto/Desktop/ProgettoEQS/UseCK/./gmaven/gmaven-adapter-api/src/main/java/org/codehaus/gmaven/adapter/GroovyRuntime.java,org.codehaus.gmaven.adapter.GroovyRuntime,cleanup/0,false,31,0,1,1,0,1,0,1,0,0,0,0,0,0,0,0,0,0,0,0,0,0,0,0,0,0,1,0,0,false
/home/roberto/Desktop/ProgettoEQS/UseCK/./gmaven/gmaven-adapter-api/src/main/java/org/codehaus/gmaven/adapter/GroovyRuntime.java,org.codehaus.gmaven.adapter.GroovyRuntime,createScriptExecutor/0,false,25,1,1,1,0,1,0,1,0,0,0,0,0,0,0,0,0,0,0,0,0,0,0,0,0,0,3,0,0,false
/home/roberto/Desktop/ProgettoEQS/UseCK/./gmaven/gmaven-adapter-api/src/main/java/org/codehaus/gmaven/adapter/GroovyRuntime.java,org.codehaus.gmaven.adapter.GroovyRuntime,createShellRunner/0,false,29,1,1,1,0,1,0,1,0,0,0,0,0,0,0,0,0,0,0,0,0,0,0,0,0,0,3,0,0,false
/home/roberto/Desktop/ProgettoEQS/UseCK/./gmaven/groovy-maven-plugin/src/test/java/org/codehaus/gmaven/plugin/MojoSupportTest.java,org.codehaus.gmaven.plugin.MojoSupportTest$MojoSupportTester,run/0,false,53,0,0,0,0,1,1,3,0,0,0,1,0,0,0,0,0,0,0,0,0,0,0,0,0,0,2,4,0,false
/home/roberto/Desktop/ProgettoEQS/UseCK/./gmaven/groovy-maven-plugin/src/test/java/org/codehaus/gmaven/plugin/MojoSupportTest.java,org.codehaus.gmaven.plugin.MojoSupportTest$MojoSupportTester,cleanup/0,false,58,0,0,0,0,1,1,3,0,0,0,1,0,0,0,0,0,0,0,0,0,0,0,0,0,0,2,4,0,false
/home/roberto/Desktop/ProgettoEQS/UseCK/./gmaven/groovy-maven-plugin/src/test/java/org/codehaus/gmaven/plugin/MojoSupportTest.java,org.codehaus.gmaven.plugin.MojoSupportTest$MojoSupportTester,prepare/0,false,48,0,0,0,0,1,1,3,0,0,0,1,0,0,0,0,0,0,0,0,0,0,0,0,0,0,2,4,0,false
/home/roberto/Desktop/ProgettoEQS/UseCK/./gmaven/groovy-maven-plugin/src/main/java/org/codehaus/gmaven/plugin/ClasspathScope.java,org.codehaus.gmaven.plugin.ClasspathScope,ClasspathScope/1[org.codehaus.gmaven.plugin.ClasspathScope],true,34,1,0,0,0,1,0,3,0,0,1,0,0,0,0,0,0,0,0,0,1,0,0,0,0,0,3,2,0,false
/home/roberto/Desktop/ProgettoEQS/UseCK/./gmaven/groovy-maven-plugin/src/main/java/org/codehaus/gmaven/plugin/ClasspathScope.java,org.codehaus.gmaven.plugin.ClasspathScope,matches/1[java.lang.String],false,38,1,4,3,1,3,3,9,3,0,1,3,1,0,0,1,0,0,0,0,0,0,1,0,0,0,7,1,0,false
/home/roberto/Desktop/ProgettoEQS/UseCK/./gmaven/groovy-maven-plugin/src/main/java/org/codehaus/gmaven/plugin/ClasspathScope.java,org.codehaus.gmaven.plugin.ClasspathScope,matches/1[org.codehaus.gmaven.plugin.ClasspathScope],false,48,1,7,6,1,1,2,3,1,0,1,2,1,1,0,0,0,0,0,0,0,0,0,0,0,0,4,1,0,false
/home/roberto/Desktop/ProgettoEQS/UseCK/./gmaven/groovy-maven-plugin/src/main/java/org/codehaus/gmaven/plugin/util/VersionHelper.java,org.codehaus.gmaven.plugin.util.VersionHelper,getScheme/0,false,58,1,0,0,0,1,0,3,1,0,0,0,0,0,0,0,0,0,0,0,0,0,0,0,0,0,4,1,0,false
/home/roberto/Desktop/ProgettoEQS/UseCK/./gmaven/groovy-maven-plugin/src/main/java/org/codehaus/gmaven/plugin/util/VersionHelper.java,org.codehaus.gmaven.plugin.util.VersionHelper,before/1[int[]],false,129,3,4,3,1,4,7,14,1,2,1,7,1,1,1,1,0,0,5,3,2,1,2,0,0,0,28,1,1,true
/home/roberto/Desktop/ProgettoEQS/UseCK/./gmaven/groovy-maven-plugin/src/main/java/org/codehaus/gmaven/plugin/util/VersionHelper.java,org.codehaus.gmaven.plugin.util.VersionHelper,parseVersion/1[java.lang.String],false,65,1,2,2,0,2,3,9,1,0,1,3,0,0,0,0,1,0,0,0,0,0,1,0,0,0,14,1,0,true
/home/roberto/Desktop/ProgettoEQS/UseCK/./gmaven/groovy-maven-plugin/src/main/java/org/codehaus/gmaven/plugin/util/VersionHelper.java,org.codehaus.gmaven.plugin.util.VersionHelper,VersionHelper/0,true,49,1,1,1,0,1,0,3,0,0,0,0,0,0,0,0,0,0,0,0,0,0,0,0,0,0,4,1,0,false
/home/roberto/Desktop/ProgettoEQS/UseCK/./gmaven/groovy-maven-plugin/src/main/java/org/codehaus/gmaven/plugin/util/VersionHelper.java,org.codehaus.gmaven.plugin.util.VersionHelper,parseRange/1[java.lang.String],false,78,1,2,2,0,2,3,9,1,0,1,3,0,0,0,0,1,0,0,0,0,0,1,0,0,0,15,1,0,true
/home/roberto/Desktop/ProgettoEQS/UseCK/./gmaven/groovy-maven-plugin/src/main/java/org/codehaus/gmaven/plugin/util/VersionHelper.java,org.codehaus.gmaven.plugin.util.VersionHelper,range/1[int[]],false,93,3,2,1,1,6,7,23,1,3,1,7,1,1,2,2,0,0,6,6,3,3,2,0,0,0,20,1,1,true
/home/roberto/Desktop/ProgettoEQS/UseCK/./gmaven/groovy-maven-plugin/src/main/java/org/codehaus/gmaven/plugin/util/VersionHelper.java,org.codehaus.gmaven.plugin.util.VersionHelper,VersionHelper/1[org.codehaus.gmaven.plugin.util.VersionScheme],true,54,2,0,0,0,1,1,3,0,0,1,1,0,0,0,0,0,0,0,0,1,0,0,0,0,0,7,1,0,false
/home/roberto/Desktop/ProgettoEQS/UseCK/./gmaven/groovy-maven-plugin/src/main/java/org/codehaus/gmaven/plugin/ConsoleMojo.java,org.codehaus.gmaven.plugin.ConsoleMojo,run/0,false,43,6,8,0,8,1,7,8,0,5,0,7,0,0,0,0,0,0,0,0,5,0,0,0,0,0,18,4,0,false
/home/roberto/Desktop/ProgettoEQS/UseCK/./gmaven/gmaven-testsuite/src/test/java/org/codehaus/gmaven/testsuite/tests/ExecuteBasics.java,org.codehaus.gmaven.testsuite.tests.ExecuteBasics,simpleFileSource/0,false,78,3,3,0,3,1,5,4,0,1,0,5,1,1,0,0,0,0,2,0,1,0,0,0,0,0,12,1,0,true
/home/roberto/Desktop/ProgettoEQS/UseCK/./gmaven/gmaven-testsuite/src/test/java/org/codehaus/gmaven/testsuite/tests/ExecuteBasics.java,org.codehaus.gmaven.testsuite.tests.ExecuteBasics,simpleUrlSource/0,false,89,3,3,0,3,1,7,4,0,1,0,7,1,1,0,0,0,0,2,0,1,0,0,0,0,0,16,1,0,true
/home/roberto/Desktop/ProgettoEQS/UseCK/./gmaven/gmaven-testsuite/src/test/java/org/codehaus/gmaven/testsuite/tests/ExecuteBasics.java,org.codehaus.gmaven.testsuite.tests.ExecuteBasics,groovyVersion/0,false,55,4,4,0,4,1,4,3,0,0,0,4,1,2,0,0,0,0,3,0,0,1,0,0,0,0,16,1,0,true
/home/roberto/Desktop/ProgettoEQS/UseCK/./gmaven/gmaven-testsuite/src/test/java/org/codehaus/gmaven/testsuite/tests/ExecuteBasics.java,org.codehaus.gmaven.testsuite.tests.ExecuteBasics,defaultContext/0,false,45,3,3,0,3,1,3,3,0,0,0,3,1,2,0,0,0,0,2,0,0,0,0,0,0,0,10,1,0,true
/home/roberto/Desktop/ProgettoEQS/UseCK/./gmaven/gmaven-testsuite/src/test/java/org/codehaus/gmaven/testsuite/tests/ExecuteBasics.java,org.codehaus.gmaven.testsuite.tests.ExecuteBasics,executeScript/1[java.lang.String],false,31,2,8,4,4,1,4,3,1,0,1,4,0,0,0,0,0,0,3,0,0,0,0,0,0,0,8,2,0,false
/home/roberto/Desktop/ProgettoEQS/UseCK/./gmaven/gmaven-testsuite/src/test/java/org/codehaus/gmaven/testsuite/tests/ExecuteBasics.java,org.codehaus.gmaven.testsuite.tests.ExecuteBasics,executeScriptFileName/1[java.lang.String],false,37,2,3,2,1,1,3,3,1,0,1,3,1,1,0,0,0,0,0,0,0,0,0,0,0,0,8,2,0,false
/home/roberto/Desktop/ProgettoEQS/UseCK/./gmaven/gmaven-testsuite/src/test/java/org/codehaus/gmaven/testsuite/tests/ExecuteBasics.java,org.codehaus.gmaven.testsuite.tests.ExecuteBasics,simpleInlineSource/0,false,68,3,3,0,3,1,3,3,0,0,0,3,1,1,0,0,0,0,2,0,0,0,0,0,0,0,12,1,0,true
/home/roberto/Desktop/ProgettoEQS/UseCK/./gmaven/groovy-maven-plugin/src/main/java/org/codehaus/gmaven/plugin/RuntimeMojoSupport.java,org.codehaus.gmaven.plugin.RuntimeMojoSupport,configureAdditionalClasspath/1[org.codehaus.gmaven.plugin.ClassRealm],false,258,2,3,1,2,10,18,34,0,2,1,18,0,0,2,0,1,0,4,0,2,0,4,0,0,0,27,2,4,true
/home/roberto/Desktop/ProgettoEQS/UseCK/./gmaven/groovy-maven-plugin/src/main/java/org/codehaus/gmaven/plugin/RuntimeMojoSupport.java,org.codehaus.gmaven.plugin.RuntimeMojoSupport,customizeProperties/1[org.codehaus.gmaven.plugin.util.PropertiesBuilder],false,329,1,1,1,0,1,0,2,0,0,1,0,0,0,0,0,0,0,0,0,0,0,0,0,0,0,7,4,0,true
/home/roberto/Desktop/ProgettoEQS/UseCK/./gmaven/groovy-maven-plugin/src/main/java/org/codehaus/gmaven/plugin/RuntimeMojoSupport.java,org.codehaus.gmaven.plugin.RuntimeMojoSupport,getScriptpath/0,false,124,0,3,3,0,1,0,3,1,0,0,0,0,0,0,0,0,0,0,0,0,0,0,0,0,0,3,4,0,false
/home/roberto/Desktop/ProgettoEQS/UseCK/./gmaven/groovy-maven-plugin/src/main/java/org/codehaus/gmaven/plugin/RuntimeMojoSupport.java,org.codehaus.gmaven.plugin.RuntimeMojoSupport,ensureMavenCompatibility/1[java.lang.ClassLoader],false,224,4,3,1,2,3,5,12,0,1,1,5,0,0,0,1,0,0,3,1,1,1,2,0,0,0,16,2,2,true
/home/roberto/Desktop/ProgettoEQS/UseCK/./gmaven/groovy-maven-plugin/src/main/java/org/codehaus/gmaven/plugin/RuntimeMojoSupport.java,org.codehaus.gmaven.plugin.RuntimeMojoSupport,ensureGroovyComparability/1[java.lang.ClassLoader],false,241,4,3,1,2,3,5,12,0,1,1,5,0,0,0,1,0,0,3,1,1,1,2,0,0,0,16,2,2,true
/home/roberto/Desktop/ProgettoEQS/UseCK/./gmaven/groovy-maven-plugin/src/main/java/org/codehaus/gmaven/plugin/RuntimeMojoSupport.java,org.codehaus.gmaven.plugin.RuntimeMojoSupport,resolveBasedir/0,false,183,0,1,1,0,5,5,16,1,2,0,5,0,0,0,4,0,0,1,0,5,0,2,0,0,0,15,2,0,true
/home/roberto/Desktop/ProgettoEQS/UseCK/./gmaven/groovy-maven-plugin/src/main/java/org/codehaus/gmaven/plugin/RuntimeMojoSupport.java,org.codehaus.gmaven.plugin.RuntimeMojoSupport,createLogger/0,false,305,1,1,1,0,1,4,4,1,1,0,4,0,0,0,0,0,0,1,0,1,0,0,0,0,0,6,2,0,true
/home/roberto/Desktop/ProgettoEQS/UseCK/./gmaven/groovy-maven-plugin/src/main/java/org/codehaus/gmaven/plugin/RuntimeMojoSupport.java,org.codehaus.gmaven.plugin.RuntimeMojoSupport,getRuntime/0,false,156,1,3,3,0,1,0,3,1,0,0,0,0,0,0,0,0,0,0,0,0,0,0,0,0,0,4,4,0,false
/home/roberto/Desktop/ProgettoEQS/UseCK/./gmaven/groovy-maven-plugin/src/main/java/org/codehaus/gmaven/plugin/RuntimeMojoSupport.java,org.codehaus.gmaven.plugin.RuntimeMojoSupport,getRuntimeRealm/0,false,147,1,3,3,0,1,0,3,1,0,0,0,0,0,0,0,0,0,0,0,0,0,0,0,0,0,5,4,0,false
/home/roberto/Desktop/ProgettoEQS/UseCK/./gmaven/groovy-maven-plugin/src/main/java/org/codehaus/gmaven/plugin/RuntimeMojoSupport.java,org.codehaus.gmaven.plugin.RuntimeMojoSupport,createProperties/0,false,313,2,4,1,3,1,5,7,1,1,0,5,1,1,0,0,0,0,0,0,1,0,0,0,0,0,11,2,0,true
/home/roberto/Desktop/ProgettoEQS/UseCK/./gmaven/groovy-maven-plugin/src/main/java/org/codehaus/gmaven/plugin/RuntimeMojoSupport.java,org.codehaus.gmaven.plugin.RuntimeMojoSupport,cleanup/0,false,205,1,1,0,1,3,3,10,0,0,0,3,0,0,0,2,0,0,0,0,2,0,1,0,0,0,7,4,0,false
/home/roberto/Desktop/ProgettoEQS/UseCK/./gmaven/groovy-maven-plugin/src/main/java/org/codehaus/gmaven/plugin/RuntimeMojoSupport.java,org.codehaus.gmaven.plugin.RuntimeMojoSupport,prepare/0,false,161,3,5,0,5,1,9,11,0,1,0,9,4,1,0,0,0,0,2,0,5,0,0,0,0,0,22,4,1,false
/home/roberto/Desktop/ProgettoEQS/UseCK/./gmaven/groovy-maven-plugin/src/main/java/org/codehaus/gmaven/plugin/RuntimeMojoSupport.java,org.codehaus.gmaven.plugin.RuntimeMojoSupport,createContext/0,false,336,2,6,3,3,1,4,16,1,1,0,4,2,2,0,0,0,0,12,0,1,0,0,0,0,0,17,4,0,true
/home/roberto/Desktop/ProgettoEQS/UseCK/./gmaven/.mvn/wrapper/MavenWrapperDownloader.java,MavenWrapperDownloader,"downloadFileFromURL/2[java.lang.String,java.io.File]",false,100,0,1,1,0,1,6,9,0,3,2,6,0,0,0,0,0,0,0,1,3,0,0,0,0,0,18,10,0,false
/home/roberto/Desktop/ProgettoEQS/UseCK/./gmaven/.mvn/wrapper/MavenWrapperDownloader.java,MavenWrapperDownloader,main/1[java.lang.String[]],false,51,1,1,0,1,8,11,46,0,6,1,11,1,1,0,1,3,0,10,3,8,5,4,0,0,0,43,9,0,false
/home/roberto/Desktop/ProgettoEQS/UseCK/./gmaven/gmaven-testsuite/src/test/java/org/codehaus/gmaven/testsuite/tests/PropertyResolution.java,org.codehaus.gmaven.testsuite.tests.PropertyResolution,verifier/0,false,29,2,6,3,3,1,4,3,1,0,0,4,0,0,0,0,0,0,3,0,0,0,0,0,0,0,4,2,0,false
/home/roberto/Desktop/ProgettoEQS/UseCK/./gmaven/gmaven-testsuite/src/test/java/org/codehaus/gmaven/testsuite/tests/PropertyResolution.java,org.codehaus.gmaven.testsuite.tests.PropertyResolution,overrideReferencesSystemProperty/0,false,81,4,5,0,5,1,5,3,0,0,0,5,2,1,0,0,0,0,3,0,0,0,0,0,0,0,8,1,0,false
/home/roberto/Desktop/ProgettoEQS/UseCK/./gmaven/gmaven-testsuite/src/test/java/org/codehaus/gmaven/testsuite/tests/PropertyResolution.java,org.codehaus.gmaven.testsuite.tests.PropertyResolution,defaultReferencesSystemProperty/0,false,67,4,5,0,5,1,5,3,0,0,0,5,2,1,0,0,0,0,3,0,0,0,0,0,0,0,8,1,0,false
/home/roberto/Desktop/ProgettoEQS/UseCK/./gmaven/gmaven-testsuite/src/test/java/org/codehaus/gmaven/testsuite/tests/PropertyResolution.java,org.codehaus.gmaven.testsuite.tests.PropertyResolution,defaultReferencesProjectProperty/0,false,62,2,1,0,1,1,1,3,0,0,0,1,1,2,0,0,0,0,0,0,0,0,0,0,0,0,7,1,0,false
/home/roberto/Desktop/ProgettoEQS/UseCK/./gmaven/gmaven-testsuite/src/test/java/org/codehaus/gmaven/testsuite/tests/PropertyResolution.java,org.codehaus.gmaven.testsuite.tests.PropertyResolution,overrideDefined/0,false,76,2,1,0,1,1,1,3,0,0,0,1,1,2,0,0,0,0,0,0,0,0,0,0,0,0,5,1,0,false
/home/roberto/Desktop/ProgettoEQS/UseCK/./gmaven/gmaven-testsuite/src/test/java/org/codehaus/gmaven/testsuite/tests/PropertyResolution.java,org.codehaus.gmaven.testsuite.tests.PropertyResolution,verify/1[org.codehaus.gmaven.testsuite.MavenVerifier],false,35,1,5,3,2,1,2,3,0,0,1,2,0,0,0,0,0,0,2,0,0,0,0,0,0,0,5,2,0,false
/home/roberto/Desktop/ProgettoEQS/UseCK/./gmaven/gmaven-testsuite/src/test/java/org/codehaus/gmaven/testsuite/tests/PropertyResolution.java,org.codehaus.gmaven.testsuite.tests.PropertyResolution,overrideReferencesDefault/0,false,91,3,1,0,1,1,1,3,0,0,0,1,1,2,0,0,0,0,1,0,0,0,0,0,0,0,14,1,0,false
/home/roberto/Desktop/ProgettoEQS/UseCK/./gmaven/gmaven-testsuite/src/test/java/org/codehaus/gmaven/testsuite/tests/PropertyResolution.java,org.codehaus.gmaven.testsuite.tests.PropertyResolution,verifyDefault/0,false,44,3,9,5,4,1,4,3,0,0,0,4,2,1,0,0,0,0,1,0,0,0,0,0,0,0,5,2,0,false
/home/roberto/Desktop/ProgettoEQS/UseCK/./gmaven/gmaven-testsuite/src/test/java/org/codehaus/gmaven/testsuite/tests/PropertyResolution.java,org.codehaus.gmaven.testsuite.tests.PropertyResolution,projectDefined/0,false,52,2,1,0,1,1,1,3,0,0,0,1,1,2,0,0,0,0,0,0,0,0,0,0,0,0,5,1,0,false
/home/roberto/Desktop/ProgettoEQS/UseCK/./gmaven/gmaven-testsuite/src/test/java/org/codehaus/gmaven/testsuite/tests/PropertyResolution.java,org.codehaus.gmaven.testsuite.tests.PropertyResolution,defaultDefined/0,false,57,2,1,0,1,1,1,3,0,0,0,1,1,2,0,0,0,0,0,0,0,0,0,0,0,0,5,1,0,false
/home/roberto/Desktop/ProgettoEQS/UseCK/./gmaven/gmaven-testsuite/src/test/java/org/codehaus/gmaven/testsuite/suite/Maven305_Groovy206_SuiteIT.java,org.codehaus.gmaven.testsuite.suite.Maven305_Groovy206_SuiteIT,configureCombination/0,false,30,2,2,0,2,1,2,4,0,0,0,2,0,0,0,0,0,0,2,0,0,0,0,0,0,0,6,9,0,false
/home/roberto/Desktop/ProgettoEQS/UseCK/./gmaven/gmaven-adapter-api/src/main/java/org/codehaus/gmaven/adapter/ConsoleWindow.java,org.codehaus.gmaven.adapter.ConsoleWindow$WindowHandle,await/0,false,34,0,1,1,0,1,0,1,0,0,0,0,0,0,0,0,0,0,0,0,0,0,0,0,0,0,3,0,0,false
/home/roberto/Desktop/ProgettoEQS/UseCK/./gmaven/gmaven-adapter-api/src/main/java/org/codehaus/gmaven/adapter/ConsoleWindow.java,org.codehaus.gmaven.adapter.ConsoleWindow$WindowHandle,close/0,false,32,0,0,0,0,1,0,1,0,0,0,0,0,0,0,0,0,0,0,0,0,0,0,0,0,0,1,0,0,false
/home/roberto/Desktop/ProgettoEQS/UseCK/./gmaven/gmaven-adapter-api/src/main/java/org/codehaus/gmaven/adapter/ClassSource.java,org.codehaus.gmaven.adapter.ClassSource,getUrl/0,false,30,0,4,4,0,1,0,1,0,0,0,0,0,0,0,0,0,0,0,0,0,0,0,0,0,0,5,0,0,false
/home/roberto/Desktop/ProgettoEQS/UseCK/./gmaven/gmaven-adapter-api/src/main/java/org/codehaus/gmaven/adapter/ClassSource.java,org.codehaus.gmaven.adapter.ClassSource,getInline/0,false,43,1,4,4,0,1,0,1,0,0,0,0,0,0,0,0,0,0,0,0,0,0,0,0,0,0,2,0,0,false
/home/roberto/Desktop/ProgettoEQS/UseCK/./gmaven/gmaven-adapter-api/src/main/java/org/codehaus/gmaven/adapter/ClassSource.java,org.codehaus.gmaven.adapter.ClassSource,getFile/0,false,32,0,5,5,0,1,0,1,0,0,0,0,0,0,0,0,0,0,0,0,0,0,0,0,0,0,2,0,0,false
/home/roberto/Desktop/ProgettoEQS/UseCK/./gmaven/groovy-maven-plugin/src/test/java/org/codehaus/gmaven/plugin/MojoSupportTest.java,org.codehaus.gmaven.plugin.MojoSupportTest$Anonymous3,run/0,false,130,1,1,0,1,1,0,3,0,0,0,0,0,0,0,0,0,0,1,0,0,0,0,0,0,0,4,4,0,false
/home/roberto/Desktop/ProgettoEQS/UseCK/./gmaven/groovy-maven-plugin/src/main/java/org/codehaus/gmaven/plugin/ShellMojo.java,org.codehaus.gmaven.plugin.ShellMojo,run/0,false,42,5,7,0,7,1,6,7,0,4,0,6,0,0,0,0,0,0,0,0,4,0,0,0,0,0,16,4,0,false
/home/roberto/Desktop/ProgettoEQS/UseCK/./gmaven/groovy-maven-plugin/src/test/java/org/codehaus/gmaven/plugin/MojoSupportTest.java,org.codehaus.gmaven.plugin.MojoSupportTest$Anonymous2,run/0,false,108,0,1,0,1,1,0,3,0,0,0,0,0,0,0,0,0,0,1,0,0,0,0,0,0,0,2,4,0,false
/home/roberto/Desktop/ProgettoEQS/UseCK/./gmaven/groovy-maven-plugin/src/main/java/org/codehaus/gmaven/plugin/ExecuteMojo.java,org.codehaus.gmaven.plugin.ExecuteMojo,isSkipped/0,false,115,0,0,0,0,1,0,3,1,0,0,0,0,0,0,0,0,0,0,0,0,0,0,0,0,0,3,4,0,false
/home/roberto/Desktop/ProgettoEQS/UseCK/./gmaven/groovy-maven-plugin/src/main/java/org/codehaus/gmaven/plugin/ExecuteMojo.java,org.codehaus.gmaven.plugin.ExecuteMojo,customizeProperties/1[org.codehaus.gmaven.plugin.util.PropertiesBuilder],false,109,1,2,0,2,1,2,3,0,0,1,2,0,0,0,0,0,0,0,0,0,0,0,0,0,0,6,4,0,false
/home/roberto/Desktop/ProgettoEQS/UseCK/./gmaven/groovy-maven-plugin/src/main/java/org/codehaus/gmaven/plugin/ExecuteMojo.java,org.codehaus.gmaven.plugin.ExecuteMojo,run/0,false,95,7,8,0,8,1,8,10,0,6,0,8,0,0,0,0,0,0,2,0,6,0,0,0,0,0,22,4,2,false
/home/roberto/Desktop/ProgettoEQS/UseCK/./gmaven/groovy-maven-plugin/src/test/java/org/codehaus/gmaven/plugin/MojoSupportTest.java,org.codehaus.gmaven.plugin.MojoSupportTest,execute_runExceptionCallsCleanup/0,false,104,3,2,0,2,2,5,16,0,1,0,5,0,0,0,0,1,0,0,2,1,0,1,1,0,0,14,1,0,false
/home/roberto/Desktop/ProgettoEQS/UseCK/./gmaven/groovy-maven-plugin/src/test/java/org/codehaus/gmaven/plugin/MojoSupportTest.java,org.codehaus.gmaven.plugin.MojoSupportTest,execute_MojoExecutionException_propagates/0,false,126,4,2,0,2,2,4,15,0,1,0,4,0,0,0,0,1,0,0,0,1,0,1,1,0,0,15,1,0,false
/home/roberto/Desktop/ProgettoEQS/UseCK/./gmaven/groovy-maven-plugin/src/test/java/org/codehaus/gmaven/plugin/MojoSupportTest.java,org.codehaus.gmaven.plugin.MojoSupportTest,setUp/0,false,64,1,0,0,0,1,1,5,0,0,0,1,0,0,0,0,0,0,0,3,0,0,0,0,0,0,3,1,0,false
/home/roberto/Desktop/ProgettoEQS/UseCK/./gmaven/groovy-maven-plugin/src/test/java/org/codehaus/gmaven/plugin/MojoSupportTest.java,org.codehaus.gmaven.plugin.MojoSupportTest,execute_prepareExceptionCallsCleanup/0,false,82,3,2,0,2,2,5,16,0,1,0,5,0,0,0,0,1,0,0,2,1,0,1,1,0,0,14,1,0,false
/home/roberto/Desktop/ProgettoEQS/UseCK/./gmaven/groovy-maven-plugin/src/test/java/org/codehaus/gmaven/plugin/MojoSupportTest.java,org.codehaus.gmaven.plugin.MojoSupportTest,execute_MojoFailureException_propagates/0,false,145,4,2,0,2,2,4,15,0,1,0,4,0,0,0,0,1,0,0,0,1,0,1,1,0,0,15,1,0,false
/home/roberto/Desktop/ProgettoEQS/UseCK/./gmaven/groovy-maven-plugin/src/test/java/org/codehaus/gmaven/plugin/MojoSupportTest.java,org.codehaus.gmaven.plugin.MojoSupportTest,execute_prepare_run_cleanup/0,false,71,3,2,0,2,1,4,7,0,1,0,4,0,0,0,0,0,0,0,3,1,0,0,0,0,0,12,1,0,false
/home/roberto/Desktop/ProgettoEQS/UseCK/./gmaven/groovy-maven-plugin/src/test/java/org/codehaus/gmaven/plugin/MojoSupportTest.java,org.codehaus.gmaven.plugin.MojoSupportTest$Anonymous4,run/0,false,149,1,1,0,1,1,0,3,0,0,0,0,0,0,0,0,0,0,1,0,0,0,0,0,0,0,4,4,0,false
/home/roberto/Desktop/ProgettoEQS/UseCK/./gmaven/groovy-maven-plugin/src/main/java/org/codehaus/gmaven/plugin/ClassSourceFactory.java,org.codehaus.gmaven.plugin.ClassSourceFactory,create/1[java.lang.String],false,130,3,7,5,2,4,5,21,3,2,1,5,0,0,0,0,2,0,3,0,2,0,2,0,0,0,25,1,3,true
/home/roberto/Desktop/ProgettoEQS/UseCK/./gmaven/groovy-maven-plugin/src/test/java/org/codehaus/gmaven/plugin/GroovyRuntimeFactoryTest.java,org.codehaus.gmaven.plugin.GroovyRuntimeFactoryTest$Anonymous1,findServices/1[java.lang.ClassLoader],false,57,1,0,0,0,1,1,3,1,0,1,1,0,0,0,0,0,0,0,0,0,0,0,0,0,0,5,4,0,false
/home/roberto/Desktop/ProgettoEQS/UseCK/./gmaven/groovy-maven-plugin/src/test/java/org/codehaus/gmaven/plugin/util/VersionHelperTest.java,org.codehaus.gmaven.plugin.util.VersionHelperTest,before/0,false,48,3,1,0,1,1,5,5,0,1,0,5,0,0,0,0,0,0,2,3,1,1,0,0,0,0,7,1,0,false
/home/roberto/Desktop/ProgettoEQS/UseCK/./gmaven/groovy-maven-plugin/src/test/java/org/codehaus/gmaven/plugin/util/VersionHelperTest.java,org.codehaus.gmaven.plugin.util.VersionHelperTest,setUp/0,false,36,2,1,0,1,1,0,3,0,0,0,0,0,0,0,0,0,0,0,0,1,0,0,0,0,0,7,1,0,false
/home/roberto/Desktop/ProgettoEQS/UseCK/./gmaven/groovy-maven-plugin/src/test/java/org/codehaus/gmaven/plugin/util/VersionHelperTest.java,org.codehaus.gmaven.plugin.util.VersionHelperTest,range/0,false,41,3,1,0,1,1,5,5,0,1,0,5,0,0,0,0,0,0,1,3,1,0,0,0,0,0,6,1,0,false
/home/roberto/Desktop/ProgettoEQS/UseCK/./gmaven/groovy-maven-plugin/src/main/java/org/codehaus/gmaven/plugin/util/Maps2.java,org.codehaus.gmaven.plugin.util.Maps2,Maps2/0,true,32,0,0,0,0,1,0,2,0,0,0,0,0,0,0,0,0,0,0,0,0,0,0,0,0,0,1,2,0,false
/home/roberto/Desktop/ProgettoEQS/UseCK/./gmaven/groovy-maven-plugin/src/main/java/org/codehaus/gmaven/plugin/util/Maps2.java,org.codehaus.gmaven.plugin.util.Maps2,fromProperties/1[java.util.Properties],false,36,0,2,2,0,2,7,10,1,3,1,7,0,0,1,0,0,0,0,0,3,0,1,0,0,0,10,9,0,false
/home/roberto/Desktop/ProgettoEQS/UseCK/./gmaven/gmaven-testsuite/src/test/java/org/codehaus/gmaven/testsuite/suite/Maven31x_Groovy206_SuiteIT.java,org.codehaus.gmaven.testsuite.suite.Maven31x_Groovy206_SuiteIT,configureCombination/0,false,30,2,2,0,2,1,2,4,0,0,0,2,0,0,0,0,0,0,2,0,0,0,0,0,0,0,7,9,0,false
/home/roberto/Desktop/ProgettoEQS/UseCK/./gmaven/groovy-maven-plugin/src/main/java/org/codehaus/gmaven/plugin/GroovyRuntimeFactory.java,org.codehaus.gmaven.plugin.GroovyRuntimeFactory,findServices/1[java.lang.ClassLoader],false,56,2,1,1,0,1,3,5,1,1,1,3,0,0,0,0,0,0,1,0,1,0,0,0,0,0,6,4,1,false
/home/roberto/Desktop/ProgettoEQS/UseCK/./gmaven/groovy-maven-plugin/src/main/java/org/codehaus/gmaven/plugin/GroovyRuntimeFactory.java,org.codehaus.gmaven.plugin.GroovyRuntimeFactory,create/1[java.lang.ClassLoader],false,40,2,5,4,1,1,6,9,1,2,1,6,1,1,0,0,0,0,3,0,2,0,0,0,0,0,15,1,1,false
/home/roberto/Desktop/ProgettoEQS/UseCK/./gmaven/groovy-maven-plugin/src/main/java/org/codehaus/gmaven/plugin/util/MavenVersionHelper.java,org.codehaus.gmaven.plugin.util.MavenVersionHelper,MavenVersionHelper/1[org.codehaus.gmaven.plugin.util.VersionHelper],true,50,2,0,0,0,1,1,3,0,0,1,1,0,0,0,0,0,0,0,0,1,0,0,0,0,0,7,1,0,false
/home/roberto/Desktop/ProgettoEQS/UseCK/./gmaven/groovy-maven-plugin/src/main/java/org/codehaus/gmaven/plugin/util/MavenVersionHelper.java,org.codehaus.gmaven.plugin.util.MavenVersionHelper,"readProperties/3[java.lang.ClassLoader,java.lang.String,java.lang.String]",false,76,0,1,1,0,4,6,26,1,4,3,6,0,0,0,1,2,0,5,0,4,0,3,0,0,0,25,2,5,false
/home/roberto/Desktop/ProgettoEQS/UseCK/./gmaven/groovy-maven-plugin/src/main/java/org/codehaus/gmaven/plugin/util/MavenVersionHelper.java,org.codehaus.gmaven.plugin.util.MavenVersionHelper,detectVersion/1[java.lang.ClassLoader],false,55,4,3,1,2,2,5,13,2,3,1,5,1,1,0,1,0,0,6,0,3,0,1,0,0,0,19,1,3,false
/home/roberto/Desktop/ProgettoEQS/UseCK/./gmaven/groovy-maven-plugin/src/main/java/org/codehaus/gmaven/plugin/util/MavenVersionHelper.java,org.codehaus.gmaven.plugin.util.MavenVersionHelper,MavenVersionHelper/0,true,47,0,0,0,0,1,0,2,0,0,0,0,0,0,0,0,0,0,0,0,0,0,0,0,0,0,3,1,0,false
/home/roberto/Desktop/ProgettoEQS/UseCK/./gmaven/gmaven-adapter-impl/src/main/java/org/codehaus/gmaven/adapter/impl/GroovyRuntimeImpl.java,org.codehaus.gmaven.adapter.impl.GroovyRuntimeImpl$Anonymous2,loadGroovySource/1[java.lang.String],false,106,1,1,0,1,1,1,3,1,0,1,1,0,0,0,0,0,0,0,0,0,0,0,0,0,0,9,1,0,false
/home/roberto/Desktop/ProgettoEQS/UseCK/./gmaven/gmaven-adapter-impl/src/main/java/org/codehaus/gmaven/adapter/impl/GroovyRuntimeImpl.java,org.codehaus.gmaven.adapter.impl.GroovyRuntimeImpl$Anonymous3,call/1[java.lang.Object[]],false,142,1,1,0,1,2,2,8,1,0,1,2,0,0,0,0,1,0,0,0,0,0,1,0,0,0,5,1,0,false
/home/roberto/Desktop/ProgettoEQS/UseCK/./gmaven/gmaven-adapter-impl/src/main/java/org/codehaus/gmaven/adapter/impl/GroovyRuntimeImpl.java,org.codehaus.gmaven.adapter.impl.GroovyRuntimeImpl$Anonymous3,toString/0,false,152,1,0,0,0,1,1,3,1,0,0,1,0,0,0,0,0,0,3,0,0,1,0,0,0,0,4,1,0,false
/home/roberto/Desktop/ProgettoEQS/UseCK/./gmaven/groovy-maven-plugin/src/main/java/org/codehaus/gmaven/plugin/util/GroovyVersionHelper.java,org.codehaus.gmaven.plugin.util.GroovyVersionHelper,"getVersion/3[java.lang.ClassLoader,java.lang.String,java.lang.String]",false,77,0,1,1,0,3,5,15,2,3,3,5,0,0,0,1,1,0,2,0,3,0,2,0,0,0,22,2,2,true
/home/roberto/Desktop/ProgettoEQS/UseCK/./gmaven/groovy-maven-plugin/src/main/java/org/codehaus/gmaven/plugin/util/GroovyVersionHelper.java,org.codehaus.gmaven.plugin.util.GroovyVersionHelper,detectVersion/1[java.lang.ClassLoader],false,52,4,3,1,2,3,4,15,2,2,1,4,1,1,0,2,0,0,7,0,3,0,1,0,0,0,13,1,3,false
/home/roberto/Desktop/ProgettoEQS/UseCK/./gmaven/groovy-maven-plugin/src/main/java/org/codehaus/gmaven/plugin/util/GroovyVersionHelper.java,org.codehaus.gmaven.plugin.util.GroovyVersionHelper,GroovyVersionHelper/0,true,44,0,0,0,0,1,0,2,0,0,0,0,0,0,0,0,0,0,0,0,0,0,0,0,0,0,3,1,0,false
/home/roberto/Desktop/ProgettoEQS/UseCK/./gmaven/groovy-maven-plugin/src/main/java/org/codehaus/gmaven/plugin/util/GroovyVersionHelper.java,org.codehaus.gmaven.plugin.util.GroovyVersionHelper,GroovyVersionHelper/1[org.codehaus.gmaven.plugin.util.VersionHelper],true,47,2,0,0,0,1,1,3,0,0,1,1,0,0,0,0,0,0,0,0,1,0,0,0,0,0,7,1,0,false
/home/roberto/Desktop/ProgettoEQS/UseCK/./gmaven/gmaven-adapter-api/src/main/java/org/codehaus/gmaven/adapter/ScriptExecutor.java,org.codehaus.gmaven.adapter.ScriptExecutor,"execute/5[org.codehaus.gmaven.adapter.ClassSource,java.lang.ClassLoader,org.codehaus.gmaven.adapter.ResourceLoader,java.util.Map<java.lang.String,java.lang.Object>,java.util.Map<java.lang.String,java.lang.Object>]",false,32,3,1,1,0,1,0,1,0,0,5,0,0,0,0,0,0,0,0,0,0,0,0,0,0,0,6,0,0,false
/home/roberto/Desktop/ProgettoEQS/UseCK/./gmaven/gmaven-adapter-impl/src/main/java/org/codehaus/gmaven/adapter/impl/GroovyRuntimeImpl.java,org.codehaus.gmaven.adapter.impl.GroovyRuntimeImpl,createMagicContextValue/1[org.codehaus.gmaven.adapter.MagicContext],false,161,3,1,1,0,3,5,16,1,3,1,5,0,0,0,0,0,0,1,1,3,1,2,0,0,0,22,1,0,true
/home/roberto/Desktop/ProgettoEQS/UseCK/./gmaven/gmaven-adapter-impl/src/main/java/org/codehaus/gmaven/adapter/impl/GroovyRuntimeImpl.java,org.codehaus.gmaven.adapter.impl.GroovyRuntimeImpl,"createGroovyClassLoader/2[java.lang.ClassLoader,org.codehaus.gmaven.adapter.ResourceLoader]",false,85,2,4,3,1,1,1,10,1,0,2,1,0,0,0,0,0,0,0,0,0,0,0,1,0,0,14,1,0,true
/home/roberto/Desktop/ProgettoEQS/UseCK/./gmaven/gmaven-adapter-impl/src/main/java/org/codehaus/gmaven/adapter/impl/GroovyRuntimeImpl.java,org.codehaus.gmaven.adapter.impl.GroovyRuntimeImpl,cleanup/0,false,74,0,0,0,0,1,0,2,0,0,0,0,0,0,0,0,0,0,0,0,0,0,0,0,0,0,1,1,0,false
/home/roberto/Desktop/ProgettoEQS/UseCK/./gmaven/gmaven-adapter-impl/src/main/java/org/codehaus/gmaven/adapter/impl/GroovyRuntimeImpl.java,org.codehaus.gmaven.adapter.impl.GroovyRuntimeImpl,createScriptExecutor/0,false,59,2,1,0,1,1,0,3,1,0,0,0,0,0,0,0,0,0,0,0,0,0,0,0,0,0,4,1,0,false
/home/roberto/Desktop/ProgettoEQS/UseCK/./gmaven/gmaven-adapter-impl/src/main/java/org/codehaus/gmaven/adapter/impl/GroovyRuntimeImpl.java,org.codehaus.gmaven.adapter.impl.GroovyRuntimeImpl,createGroovyResourceLoader/1[org.codehaus.gmaven.adapter.ResourceLoader],false,100,3,1,1,0,1,1,9,1,0,1,1,0,0,0,0,0,0,0,0,0,0,0,1,0,0,19,1,0,true
/home/roberto/Desktop/ProgettoEQS/UseCK/./gmaven/gmaven-adapter-impl/src/main/java/org/codehaus/gmaven/adapter/impl/GroovyRuntimeImpl.java,org.codehaus.gmaven.adapter.impl.GroovyRuntimeImpl,createGroovyCodeSource/1[org.codehaus.gmaven.adapter.ClassSource],false,115,3,7,1,6,4,7,14,3,1,1,7,0,0,0,3,0,0,1,0,1,1,1,0,0,0,20,1,0,true
/home/roberto/Desktop/ProgettoEQS/UseCK/./gmaven/gmaven-adapter-impl/src/main/java/org/codehaus/gmaven/adapter/impl/GroovyRuntimeImpl.java,org.codehaus.gmaven.adapter.impl.GroovyRuntimeImpl,createConsoleWindow/0,false,64,2,1,0,1,1,0,3,1,0,0,0,0,0,0,0,0,0,0,0,0,0,0,0,0,0,4,1,0,false
/home/roberto/Desktop/ProgettoEQS/UseCK/./gmaven/gmaven-adapter-impl/src/main/java/org/codehaus/gmaven/adapter/impl/GroovyRuntimeImpl.java,org.codehaus.gmaven.adapter.impl.GroovyRuntimeImpl,createShellRunner/0,false,69,2,1,0,1,1,0,3,1,0,0,0,0,0,0,0,0,0,0,0,0,0,0,0,0,0,4,1,0,false
/home/roberto/Desktop/ProgettoEQS/UseCK/./gmaven/gmaven-adapter-impl/src/main/java/org/codehaus/gmaven/adapter/impl/GroovyRuntimeImpl.java,org.codehaus.gmaven.adapter.impl.GroovyRuntimeImpl,"createClosure/2[java.lang.Object,org.codehaus.gmaven.adapter.ClosureTarget]",false,135,3,1,1,0,1,1,18,1,0,2,1,0,0,0,0,0,0,0,0,0,0,0,1,0,0,18,1,0,true
/home/roberto/Desktop/ProgettoEQS/UseCK/./gmaven/gmaven-adapter-impl/src/main/java/org/codehaus/gmaven/adapter/impl/GroovyRuntimeImpl.java,org.codehaus.gmaven.adapter.impl.GroovyRuntimeImpl,"createBinding/1[java.util.Map<java.lang.String,java.lang.Object>]",false,185,4,5,3,2,4,7,17,1,3,1,7,2,1,1,0,0,0,2,0,5,0,2,0,0,0,19,1,2,true
/home/roberto/Desktop/ProgettoEQS/UseCK/./gmaven/groovy-maven-plugin/src/main/java/org/codehaus/gmaven/plugin/ClassSourceFactory.java,org.codehaus.gmaven.plugin.ClassSourceFactory$ClassSourceImpl,getInline/0,false,73,1,0,0,0,1,0,3,1,0,0,0,0,0,0,0,0,0,0,0,0,0,0,0,0,0,3,1,0,false
/home/roberto/Desktop/ProgettoEQS/UseCK/./gmaven/groovy-maven-plugin/src/main/java/org/codehaus/gmaven/plugin/ClassSourceFactory.java,org.codehaus.gmaven.plugin.ClassSourceFactory$ClassSourceImpl,toString/0,false,78,0,0,0,0,1,2,3,1,0,0,2,0,0,0,0,0,0,4,0,0,1,0,0,0,0,7,1,0,false
/home/roberto/Desktop/ProgettoEQS/UseCK/./gmaven/groovy-maven-plugin/src/main/java/org/codehaus/gmaven/plugin/ClassSourceFactory.java,org.codehaus.gmaven.plugin.ClassSourceFactory$ClassSourceImpl,getFile/0,false,69,0,0,0,0,1,0,3,1,0,0,0,0,0,0,0,0,0,0,0,0,0,0,0,0,0,3,1,0,false
/home/roberto/Desktop/ProgettoEQS/UseCK/./gmaven/groovy-maven-plugin/src/main/java/org/codehaus/gmaven/plugin/ClassSourceFactory.java,org.codehaus.gmaven.plugin.ClassSourceFactory$ClassSourceImpl,"ClassSourceImpl/3[java.net.URL,java.io.File,org.codehaus.gmaven.adapter.ClassSource.Inline]",true,59,2,1,1,0,1,0,5,0,0,3,0,0,0,0,0,0,0,0,0,3,0,0,0,0,0,11,2,0,false
/home/roberto/Desktop/ProgettoEQS/UseCK/./gmaven/groovy-maven-plugin/src/main/java/org/codehaus/gmaven/plugin/ClassSourceFactory.java,org.codehaus.gmaven.plugin.ClassSourceFactory$ClassSourceImpl,getUrl/0,false,65,0,0,0,0,1,0,3,1,0,0,0,0,0,0,0,0,0,0,0,0,0,0,0,0,0,6,1,0,false
/home/roberto/Desktop/ProgettoEQS/UseCK/./gmaven/gmaven-testsuite/src/test/java/org/codehaus/gmaven/testsuite/suite/Maven305_Groovy215_SuiteIT.java,org.codehaus.gmaven.testsuite.suite.Maven305_Groovy215_SuiteIT,configureCombination/0,false,30,2,2,0,2,1,2,4,0,0,0,2,0,0,0,0,0,0,2,0,0,0,0,0,0,0,6,9,0,false
/home/roberto/Desktop/ProgettoEQS/UseCK/./gmaven/gmaven-adapter-api/src/main/java/org/codehaus/gmaven/adapter/ClassSource.java,org.codehaus.gmaven.adapter.ClassSource$Inline,getCodeBase/0,false,38,0,2,2,0,1,0,1,0,0,0,0,0,0,0,0,0,0,0,0,0,0,0,0,0,0,3,0,0,false
/home/roberto/Desktop/ProgettoEQS/UseCK/./gmaven/gmaven-adapter-api/src/main/java/org/codehaus/gmaven/adapter/ClassSource.java,org.codehaus.gmaven.adapter.ClassSource$Inline,getName/0,false,36,0,2,2,0,1,0,1,0,0,0,0,0,0,0,0,0,0,0,0,0,0,0,0,0,0,2,0,0,false
/home/roberto/Desktop/ProgettoEQS/UseCK/./gmaven/gmaven-adapter-api/src/main/java/org/codehaus/gmaven/adapter/ClassSource.java,org.codehaus.gmaven.adapter.ClassSource$Inline,getInput/0,false,40,0,2,2,0,1,0,1,0,0,0,0,0,0,0,0,0,0,0,0,0,0,0,0,0,0,3,0,0,false
/home/roberto/Desktop/ProgettoEQS/UseCK/./gmaven/gmaven-adapter-impl/src/main/java/org/codehaus/gmaven/adapter/impl/GroovyRuntimeImpl.java,org.codehaus.gmaven.adapter.impl.GroovyRuntimeImpl$Anonymous1,run/0,false,89,2,1,0,1,1,2,5,1,1,0,2,0,0,0,0,0,0,0,0,1,0,0,0,0,0,9,1,0,false
