file,class,method,variable,usage
/home/roberto/Desktop/ProgettoEQS/UseCK/./gmaven/groovy-maven-plugin/src/main/java/org/codehaus/gmaven/plugin/ClassSourceFactory.java,org.codehaus.gmaven.plugin.ClassSourceFactory$InlineImpl,InlineImpl/1[java.lang.String],source,1
/home/roberto/Desktop/ProgettoEQS/UseCK/./gmaven/groovy-maven-plugin/src/test/java/org/codehaus/gmaven/plugin/GroovyRuntimeFactoryTest.java,org.codehaus.gmaven.plugin.GroovyRuntimeFactoryTest,create_singleService/0,runtime,1
/home/roberto/Desktop/ProgettoEQS/UseCK/./gmaven/gmaven-adapter-api/src/main/java/org/codehaus/gmaven/adapter/ConsoleWindow.java,org.codehaus.gmaven.adapter.ConsoleWindow,"open/4[java.lang.ClassLoader,org.codehaus.gmaven.adapter.ResourceLoader,java.util.Map<java.lang.String,java.lang.Object>,java.util.Map<java.lang.String,java.lang.Object>]",classLoader,0
/home/roberto/Desktop/ProgettoEQS/UseCK/./gmaven/gmaven-adapter-api/src/main/java/org/codehaus/gmaven/adapter/ConsoleWindow.java,org.codehaus.gmaven.adapter.ConsoleWindow,"open/4[java.lang.ClassLoader,org.codehaus.gmaven.adapter.ResourceLoader,java.util.Map<java.lang.String,java.lang.Object>,java.util.Map<java.lang.String,java.lang.Object>]",context,0
/home/roberto/Desktop/ProgettoEQS/UseCK/./gmaven/gmaven-adapter-api/src/main/java/org/codehaus/gmaven/adapter/ConsoleWindow.java,org.codehaus.gmaven.adapter.ConsoleWindow,"open/4[java.lang.ClassLoader,org.codehaus.gmaven.adapter.ResourceLoader,java.util.Map<java.lang.String,java.lang.Object>,java.util.Map<java.lang.String,java.lang.Object>]",options,0
/home/roberto/Desktop/ProgettoEQS/UseCK/./gmaven/gmaven-adapter-api/src/main/java/org/codehaus/gmaven/adapter/ConsoleWindow.java,org.codehaus.gmaven.adapter.ConsoleWindow,"open/4[java.lang.ClassLoader,org.codehaus.gmaven.adapter.ResourceLoader,java.util.Map<java.lang.String,java.lang.Object>,java.util.Map<java.lang.String,java.lang.Object>]",resourceLoader,0
/home/roberto/Desktop/ProgettoEQS/UseCK/./gmaven/groovy-maven-plugin/src/main/java/org/codehaus/gmaven/plugin/util/PropertiesBuilder.java,org.codehaus.gmaven.plugin.util.PropertiesBuilder,"setDefaults/1[java.util.Map<java.lang.String,java.lang.String>]",defaults,2
/home/roberto/Desktop/ProgettoEQS/UseCK/./gmaven/groovy-maven-plugin/src/main/java/org/codehaus/gmaven/plugin/util/PropertiesBuilder.java,org.codehaus.gmaven.plugin.util.PropertiesBuilder,build/0,keys,2
/home/roberto/Desktop/ProgettoEQS/UseCK/./gmaven/groovy-maven-plugin/src/main/java/org/codehaus/gmaven/plugin/util/PropertiesBuilder.java,org.codehaus.gmaven.plugin.util.PropertiesBuilder,build/0,key,2
/home/roberto/Desktop/ProgettoEQS/UseCK/./gmaven/groovy-maven-plugin/src/main/java/org/codehaus/gmaven/plugin/util/PropertiesBuilder.java,org.codehaus.gmaven.plugin.util.PropertiesBuilder,build/0,props,10
/home/roberto/Desktop/ProgettoEQS/UseCK/./gmaven/groovy-maven-plugin/src/main/java/org/codehaus/gmaven/plugin/util/PropertiesBuilder.java,org.codehaus.gmaven.plugin.util.PropertiesBuilder,"resolve/1[java.util.Map<java.lang.String,java.lang.String>]",result,2
/home/roberto/Desktop/ProgettoEQS/UseCK/./gmaven/groovy-maven-plugin/src/main/java/org/codehaus/gmaven/plugin/util/PropertiesBuilder.java,org.codehaus.gmaven.plugin.util.PropertiesBuilder,"resolve/1[java.util.Map<java.lang.String,java.lang.String>]",entry,2
/home/roberto/Desktop/ProgettoEQS/UseCK/./gmaven/groovy-maven-plugin/src/main/java/org/codehaus/gmaven/plugin/util/PropertiesBuilder.java,org.codehaus.gmaven.plugin.util.PropertiesBuilder,"resolve/1[java.util.Map<java.lang.String,java.lang.String>]",interpolator,2
/home/roberto/Desktop/ProgettoEQS/UseCK/./gmaven/groovy-maven-plugin/src/main/java/org/codehaus/gmaven/plugin/util/PropertiesBuilder.java,org.codehaus.gmaven.plugin.util.PropertiesBuilder,"resolve/1[java.util.Map<java.lang.String,java.lang.String>]",e,0
/home/roberto/Desktop/ProgettoEQS/UseCK/./gmaven/groovy-maven-plugin/src/main/java/org/codehaus/gmaven/plugin/util/PropertiesBuilder.java,org.codehaus.gmaven.plugin.util.PropertiesBuilder,"resolve/1[java.util.Map<java.lang.String,java.lang.String>]",source,3
/home/roberto/Desktop/ProgettoEQS/UseCK/./gmaven/groovy-maven-plugin/src/main/java/org/codehaus/gmaven/plugin/util/PropertiesBuilder.java,org.codehaus.gmaven.plugin.util.PropertiesBuilder,"resolve/1[java.util.Map<java.lang.String,java.lang.String>]",value,7
/home/roberto/Desktop/ProgettoEQS/UseCK/./gmaven/groovy-maven-plugin/src/main/java/org/codehaus/gmaven/plugin/util/PropertiesBuilder.java,org.codehaus.gmaven.plugin.util.PropertiesBuilder,"resolve/1[java.util.Map<java.lang.String,java.lang.String>]",key,4
/home/roberto/Desktop/ProgettoEQS/UseCK/./gmaven/groovy-maven-plugin/src/main/java/org/codehaus/gmaven/plugin/util/PropertiesBuilder.java,org.codehaus.gmaven.plugin.util.PropertiesBuilder,"setProperties/1[java.util.Map<java.lang.String,java.lang.String>]",properties,2
/home/roberto/Desktop/ProgettoEQS/UseCK/./gmaven/groovy-maven-plugin/src/main/java/org/codehaus/gmaven/plugin/util/PropertiesBuilder.java,org.codehaus.gmaven.plugin.util.PropertiesBuilder,setSession/1[org.codehaus.gmaven.plugin.util.MavenSession],session,2
/home/roberto/Desktop/ProgettoEQS/UseCK/./gmaven/groovy-maven-plugin/src/main/java/org/codehaus/gmaven/plugin/util/PropertiesBuilder.java,org.codehaus.gmaven.plugin.util.PropertiesBuilder,setProject/1[org.codehaus.gmaven.plugin.util.MavenProject],project,2
/home/roberto/Desktop/ProgettoEQS/UseCK/./gmaven/groovy-maven-plugin/src/test/java/org/codehaus/gmaven/plugin/ClassSourceFactoryTest.java,org.codehaus.gmaven.plugin.ClassSourceFactoryTest,assertFile/1[java.lang.String],path,2
/home/roberto/Desktop/ProgettoEQS/UseCK/./gmaven/groovy-maven-plugin/src/test/java/org/codehaus/gmaven/plugin/ClassSourceFactoryTest.java,org.codehaus.gmaven.plugin.ClassSourceFactoryTest,assertFile/1[java.lang.String],source,6
/home/roberto/Desktop/ProgettoEQS/UseCK/./gmaven/groovy-maven-plugin/src/test/java/org/codehaus/gmaven/plugin/ClassSourceFactoryTest.java,org.codehaus.gmaven.plugin.ClassSourceFactoryTest,whitespace/1[java.lang.String],text,1
/home/roberto/Desktop/ProgettoEQS/UseCK/./gmaven/groovy-maven-plugin/src/test/java/org/codehaus/gmaven/plugin/ClassSourceFactoryTest.java,org.codehaus.gmaven.plugin.ClassSourceFactoryTest,assertUrl/1[java.lang.String],source,6
/home/roberto/Desktop/ProgettoEQS/UseCK/./gmaven/groovy-maven-plugin/src/test/java/org/codehaus/gmaven/plugin/ClassSourceFactoryTest.java,org.codehaus.gmaven.plugin.ClassSourceFactoryTest,assertUrl/1[java.lang.String],url,2
/home/roberto/Desktop/ProgettoEQS/UseCK/./gmaven/groovy-maven-plugin/src/test/java/org/codehaus/gmaven/plugin/ClassSourceFactoryTest.java,org.codehaus.gmaven.plugin.ClassSourceFactoryTest,assertInline/1[java.lang.String],source,9
/home/roberto/Desktop/ProgettoEQS/UseCK/./gmaven/groovy-maven-plugin/src/test/java/org/codehaus/gmaven/plugin/ClassSourceFactoryTest.java,org.codehaus.gmaven.plugin.ClassSourceFactoryTest,assertInline/1[java.lang.String],script,1
/home/roberto/Desktop/ProgettoEQS/UseCK/./gmaven/gmaven-adapter-impl/src/main/java/org/codehaus/gmaven/adapter/impl/ConsoleWindowImpl.java,org.codehaus.gmaven.adapter.impl.ConsoleWindowImpl,ConsoleWindowImpl/1[org.codehaus.gmaven.adapter.impl.GroovyRuntimeImpl],runtime,2
/home/roberto/Desktop/ProgettoEQS/UseCK/./gmaven/gmaven-adapter-impl/src/main/java/org/codehaus/gmaven/adapter/impl/ConsoleWindowImpl.java,org.codehaus.gmaven.adapter.impl.ConsoleWindowImpl,"configureOptions/2[org.codehaus.gmaven.adapter.impl.Console,java.util.Map<java.lang.String,java.lang.Object>]",console,0
/home/roberto/Desktop/ProgettoEQS/UseCK/./gmaven/gmaven-adapter-impl/src/main/java/org/codehaus/gmaven/adapter/impl/ConsoleWindowImpl.java,org.codehaus.gmaven.adapter.impl.ConsoleWindowImpl,"configureOptions/2[org.codehaus.gmaven.adapter.impl.Console,java.util.Map<java.lang.String,java.lang.Object>]",options,0
/home/roberto/Desktop/ProgettoEQS/UseCK/./gmaven/gmaven-adapter-impl/src/main/java/org/codehaus/gmaven/adapter/impl/ConsoleWindowImpl.java,org.codehaus.gmaven.adapter.impl.ConsoleWindowImpl,"open/4[java.lang.ClassLoader,org.codehaus.gmaven.adapter.ResourceLoader,java.util.Map<java.lang.String,java.lang.Object>,java.util.Map<java.lang.String,java.lang.Object>]",gcl,1
/home/roberto/Desktop/ProgettoEQS/UseCK/./gmaven/gmaven-adapter-impl/src/main/java/org/codehaus/gmaven/adapter/impl/ConsoleWindowImpl.java,org.codehaus.gmaven.adapter.impl.ConsoleWindowImpl,"open/4[java.lang.ClassLoader,org.codehaus.gmaven.adapter.ResourceLoader,java.util.Map<java.lang.String,java.lang.Object>,java.util.Map<java.lang.String,java.lang.Object>]",console,2
/home/roberto/Desktop/ProgettoEQS/UseCK/./gmaven/gmaven-adapter-impl/src/main/java/org/codehaus/gmaven/adapter/impl/ConsoleWindowImpl.java,org.codehaus.gmaven.adapter.impl.ConsoleWindowImpl,"open/4[java.lang.ClassLoader,org.codehaus.gmaven.adapter.ResourceLoader,java.util.Map<java.lang.String,java.lang.Object>,java.util.Map<java.lang.String,java.lang.Object>]",classLoader,3
/home/roberto/Desktop/ProgettoEQS/UseCK/./gmaven/gmaven-adapter-impl/src/main/java/org/codehaus/gmaven/adapter/impl/ConsoleWindowImpl.java,org.codehaus.gmaven.adapter.impl.ConsoleWindowImpl,"open/4[java.lang.ClassLoader,org.codehaus.gmaven.adapter.ResourceLoader,java.util.Map<java.lang.String,java.lang.Object>,java.util.Map<java.lang.String,java.lang.Object>]",context,3
/home/roberto/Desktop/ProgettoEQS/UseCK/./gmaven/gmaven-adapter-impl/src/main/java/org/codehaus/gmaven/adapter/impl/ConsoleWindowImpl.java,org.codehaus.gmaven.adapter.impl.ConsoleWindowImpl,"open/4[java.lang.ClassLoader,org.codehaus.gmaven.adapter.ResourceLoader,java.util.Map<java.lang.String,java.lang.Object>,java.util.Map<java.lang.String,java.lang.Object>]",options,2
/home/roberto/Desktop/ProgettoEQS/UseCK/./gmaven/gmaven-adapter-impl/src/main/java/org/codehaus/gmaven/adapter/impl/ConsoleWindowImpl.java,org.codehaus.gmaven.adapter.impl.ConsoleWindowImpl,"open/4[java.lang.ClassLoader,org.codehaus.gmaven.adapter.ResourceLoader,java.util.Map<java.lang.String,java.lang.Object>,java.util.Map<java.lang.String,java.lang.Object>]",binding,1
/home/roberto/Desktop/ProgettoEQS/UseCK/./gmaven/gmaven-adapter-impl/src/main/java/org/codehaus/gmaven/adapter/impl/ConsoleWindowImpl.java,org.codehaus.gmaven.adapter.impl.ConsoleWindowImpl,"open/4[java.lang.ClassLoader,org.codehaus.gmaven.adapter.ResourceLoader,java.util.Map<java.lang.String,java.lang.Object>,java.util.Map<java.lang.String,java.lang.Object>]",resourceLoader,3
/home/roberto/Desktop/ProgettoEQS/UseCK/./gmaven/gmaven-adapter-impl/src/main/java/org/codehaus/gmaven/adapter/impl/ShellRunnerImpl.java,org.codehaus.gmaven.adapter.impl.ShellRunnerImpl,ShellRunnerImpl/1[org.codehaus.gmaven.adapter.impl.GroovyRuntimeImpl],runtime,2
/home/roberto/Desktop/ProgettoEQS/UseCK/./gmaven/gmaven-adapter-impl/src/main/java/org/codehaus/gmaven/adapter/impl/ShellRunnerImpl.java,org.codehaus.gmaven.adapter.impl.ShellRunnerImpl,"run/4[java.lang.ClassLoader,org.codehaus.gmaven.adapter.ResourceLoader,java.util.Map<java.lang.String,java.lang.Object>,java.util.Map<java.lang.String,java.lang.Object>]",gcl,2
/home/roberto/Desktop/ProgettoEQS/UseCK/./gmaven/gmaven-adapter-impl/src/main/java/org/codehaus/gmaven/adapter/impl/ShellRunnerImpl.java,org.codehaus.gmaven.adapter.impl.ShellRunnerImpl,"run/4[java.lang.ClassLoader,org.codehaus.gmaven.adapter.ResourceLoader,java.util.Map<java.lang.String,java.lang.Object>,java.util.Map<java.lang.String,java.lang.Object>]",classLoader,3
/home/roberto/Desktop/ProgettoEQS/UseCK/./gmaven/gmaven-adapter-impl/src/main/java/org/codehaus/gmaven/adapter/impl/ShellRunnerImpl.java,org.codehaus.gmaven.adapter.impl.ShellRunnerImpl,"run/4[java.lang.ClassLoader,org.codehaus.gmaven.adapter.ResourceLoader,java.util.Map<java.lang.String,java.lang.Object>,java.util.Map<java.lang.String,java.lang.Object>]",shell,2
/home/roberto/Desktop/ProgettoEQS/UseCK/./gmaven/gmaven-adapter-impl/src/main/java/org/codehaus/gmaven/adapter/impl/ShellRunnerImpl.java,org.codehaus.gmaven.adapter.impl.ShellRunnerImpl,"run/4[java.lang.ClassLoader,org.codehaus.gmaven.adapter.ResourceLoader,java.util.Map<java.lang.String,java.lang.Object>,java.util.Map<java.lang.String,java.lang.Object>]",context,3
/home/roberto/Desktop/ProgettoEQS/UseCK/./gmaven/gmaven-adapter-impl/src/main/java/org/codehaus/gmaven/adapter/impl/ShellRunnerImpl.java,org.codehaus.gmaven.adapter.impl.ShellRunnerImpl,"run/4[java.lang.ClassLoader,org.codehaus.gmaven.adapter.ResourceLoader,java.util.Map<java.lang.String,java.lang.Object>,java.util.Map<java.lang.String,java.lang.Object>]",options,2
/home/roberto/Desktop/ProgettoEQS/UseCK/./gmaven/gmaven-adapter-impl/src/main/java/org/codehaus/gmaven/adapter/impl/ShellRunnerImpl.java,org.codehaus.gmaven.adapter.impl.ShellRunnerImpl,"run/4[java.lang.ClassLoader,org.codehaus.gmaven.adapter.ResourceLoader,java.util.Map<java.lang.String,java.lang.Object>,java.util.Map<java.lang.String,java.lang.Object>]",binding,1
/home/roberto/Desktop/ProgettoEQS/UseCK/./gmaven/gmaven-adapter-impl/src/main/java/org/codehaus/gmaven/adapter/impl/ShellRunnerImpl.java,org.codehaus.gmaven.adapter.impl.ShellRunnerImpl,"run/4[java.lang.ClassLoader,org.codehaus.gmaven.adapter.ResourceLoader,java.util.Map<java.lang.String,java.lang.Object>,java.util.Map<java.lang.String,java.lang.Object>]",resourceLoader,3
/home/roberto/Desktop/ProgettoEQS/UseCK/./gmaven/gmaven-adapter-impl/src/main/java/org/codehaus/gmaven/adapter/impl/ShellRunnerImpl.java,org.codehaus.gmaven.adapter.impl.ShellRunnerImpl,"configureOptions/2[org.codehaus.gmaven.adapter.impl.Groovysh,java.util.Map<java.lang.String,java.lang.Object>]",shell,0
/home/roberto/Desktop/ProgettoEQS/UseCK/./gmaven/gmaven-adapter-impl/src/main/java/org/codehaus/gmaven/adapter/impl/ShellRunnerImpl.java,org.codehaus.gmaven.adapter.impl.ShellRunnerImpl,"configureOptions/2[org.codehaus.gmaven.adapter.impl.Groovysh,java.util.Map<java.lang.String,java.lang.Object>]",options,0
/home/roberto/Desktop/ProgettoEQS/UseCK/./gmaven/groovy-maven-plugin/src/test/java/org/codehaus/gmaven/plugin/util/PropertiesBuilderTest.java,org.codehaus.gmaven.plugin.util.PropertiesBuilderTest,defaults_used/0,props,1
/home/roberto/Desktop/ProgettoEQS/UseCK/./gmaven/groovy-maven-plugin/src/test/java/org/codehaus/gmaven/plugin/util/PropertiesBuilderTest.java,org.codehaus.gmaven.plugin.util.PropertiesBuilderTest,properties_overrideDefaults/0,props,1
/home/roberto/Desktop/ProgettoEQS/UseCK/./gmaven/gmaven-adapter-api/src/main/java/org/codehaus/gmaven/adapter/ResourceLoader.java,org.codehaus.gmaven.adapter.ResourceLoader,loadResource/1[java.lang.String],name,0
/home/roberto/Desktop/ProgettoEQS/UseCK/./gmaven/groovy-maven-plugin/src/test/java/org/codehaus/gmaven/plugin/util/Maps2Test.java,org.codehaus.gmaven.plugin.util.Maps2Test$Anonymous1,getProperty/1[java.lang.String],key,2
/home/roberto/Desktop/ProgettoEQS/UseCK/./gmaven/gmaven-adapter-impl/src/main/java/org/codehaus/gmaven/adapter/impl/ConsoleWindowImpl.java,org.codehaus.gmaven.adapter.impl.ConsoleWindowImpl$Anonymous1,exit/1[java.util.EventObject],event,1
/home/roberto/Desktop/ProgettoEQS/UseCK/./gmaven/groovy-maven-plugin/src/main/java/org/codehaus/gmaven/plugin/MojoSupport.java,org.codehaus.gmaven.plugin.MojoSupport,execute/0,e,3
/home/roberto/Desktop/ProgettoEQS/UseCK/./gmaven/gmaven-testsuite/src/test/java/org/codehaus/gmaven/testsuite/ITSupport.java,org.codehaus.gmaven.testsuite.ITSupport,detectUnderTestVersion/0,version,3
/home/roberto/Desktop/ProgettoEQS/UseCK/./gmaven/gmaven-testsuite/src/test/java/org/codehaus/gmaven/testsuite/ITSupport.java,org.codehaus.gmaven.testsuite.ITSupport,detectUnderTestVersion/0,props,1
/home/roberto/Desktop/ProgettoEQS/UseCK/./gmaven/gmaven-testsuite/src/test/java/org/codehaus/gmaven/testsuite/ITSupport.java,org.codehaus.gmaven.testsuite.ITSupport,logProperties/1[java.util.Properties],keys,2
/home/roberto/Desktop/ProgettoEQS/UseCK/./gmaven/gmaven-testsuite/src/test/java/org/codehaus/gmaven/testsuite/ITSupport.java,org.codehaus.gmaven.testsuite.ITSupport,logProperties/1[java.util.Properties],source,2
/home/roberto/Desktop/ProgettoEQS/UseCK/./gmaven/gmaven-testsuite/src/test/java/org/codehaus/gmaven/testsuite/ITSupport.java,org.codehaus.gmaven.testsuite.ITSupport,logProperties/1[java.util.Properties],key,2
/home/roberto/Desktop/ProgettoEQS/UseCK/./gmaven/gmaven-testsuite/src/test/java/org/codehaus/gmaven/testsuite/ITSupport.java,org.codehaus.gmaven.testsuite.ITSupport,goal/1[java.lang.String],execute,1
/home/roberto/Desktop/ProgettoEQS/UseCK/./gmaven/gmaven-testsuite/src/test/java/org/codehaus/gmaven/testsuite/ITSupport.java,org.codehaus.gmaven.testsuite.ITSupport,createSettingsFile/1[java.io.File],buildRepository,1
/home/roberto/Desktop/ProgettoEQS/UseCK/./gmaven/gmaven-testsuite/src/test/java/org/codehaus/gmaven/testsuite/ITSupport.java,org.codehaus.gmaven.testsuite.ITSupport,"interpolate/2[java.io.File,java.util.Map<java.lang.String,java.lang.String>]",template,2
/home/roberto/Desktop/ProgettoEQS/UseCK/./gmaven/gmaven-testsuite/src/test/java/org/codehaus/gmaven/testsuite/ITSupport.java,org.codehaus.gmaven.testsuite.ITSupport,"interpolate/2[java.io.File,java.util.Map<java.lang.String,java.lang.String>]",file,2
/home/roberto/Desktop/ProgettoEQS/UseCK/./gmaven/gmaven-testsuite/src/test/java/org/codehaus/gmaven/testsuite/ITSupport.java,org.codehaus.gmaven.testsuite.ITSupport,"interpolate/2[java.io.File,java.util.Map<java.lang.String,java.lang.String>]",interpolator,2
/home/roberto/Desktop/ProgettoEQS/UseCK/./gmaven/gmaven-testsuite/src/test/java/org/codehaus/gmaven/testsuite/ITSupport.java,org.codehaus.gmaven.testsuite.ITSupport,"interpolate/2[java.io.File,java.util.Map<java.lang.String,java.lang.String>]",context,1
/home/roberto/Desktop/ProgettoEQS/UseCK/./gmaven/gmaven-testsuite/src/test/java/org/codehaus/gmaven/testsuite/ITSupport.java,org.codehaus.gmaven.testsuite.ITSupport,"interpolate/2[java.io.File,java.util.Map<java.lang.String,java.lang.String>]",content,3
/home/roberto/Desktop/ProgettoEQS/UseCK/./gmaven/gmaven-testsuite/src/test/java/org/codehaus/gmaven/testsuite/ITSupport.java,org.codehaus.gmaven.testsuite.ITSupport,detectBuildRepository/0,path,2
/home/roberto/Desktop/ProgettoEQS/UseCK/./gmaven/gmaven-testsuite/src/test/java/org/codehaus/gmaven/testsuite/ITSupport.java,org.codehaus.gmaven.testsuite.ITSupport,detectBuildRepository/0,userHome,1
/home/roberto/Desktop/ProgettoEQS/UseCK/./gmaven/gmaven-testsuite/src/test/java/org/codehaus/gmaven/testsuite/ITSupport.java,org.codehaus.gmaven.testsuite.ITSupport,"reportFile/2[java.lang.String,java.lang.String]",fileName,1
/home/roberto/Desktop/ProgettoEQS/UseCK/./gmaven/gmaven-testsuite/src/test/java/org/codehaus/gmaven/testsuite/ITSupport.java,org.codehaus.gmaven.testsuite.ITSupport,"reportFile/2[java.lang.String,java.lang.String]",label,1
/home/roberto/Desktop/ProgettoEQS/UseCK/./gmaven/gmaven-testsuite/src/test/java/org/codehaus/gmaven/testsuite/ITSupport.java,org.codehaus.gmaven.testsuite.ITSupport,loadResourceProperties/1[java.lang.String],resource,3
/home/roberto/Desktop/ProgettoEQS/UseCK/./gmaven/gmaven-testsuite/src/test/java/org/codehaus/gmaven/testsuite/ITSupport.java,org.codehaus.gmaven.testsuite.ITSupport,loadResourceProperties/1[java.lang.String],stream,2
/home/roberto/Desktop/ProgettoEQS/UseCK/./gmaven/gmaven-testsuite/src/test/java/org/codehaus/gmaven/testsuite/ITSupport.java,org.codehaus.gmaven.testsuite.ITSupport,loadResourceProperties/1[java.lang.String],resourceName,1
/home/roberto/Desktop/ProgettoEQS/UseCK/./gmaven/gmaven-testsuite/src/test/java/org/codehaus/gmaven/testsuite/ITSupport.java,org.codehaus.gmaven.testsuite.ITSupport,loadResourceProperties/1[java.lang.String],props,2
/home/roberto/Desktop/ProgettoEQS/UseCK/./gmaven/gmaven-testsuite/src/test/java/org/codehaus/gmaven/testsuite/ITSupport.java,org.codehaus.gmaven.testsuite.ITSupport,verifier/1[java.lang.String],projectDir,3
/home/roberto/Desktop/ProgettoEQS/UseCK/./gmaven/gmaven-testsuite/src/test/java/org/codehaus/gmaven/testsuite/ITSupport.java,org.codehaus.gmaven.testsuite.ITSupport,verifier/1[java.lang.String],sourceDir,2
/home/roberto/Desktop/ProgettoEQS/UseCK/./gmaven/gmaven-testsuite/src/test/java/org/codehaus/gmaven/testsuite/ITSupport.java,org.codehaus.gmaven.testsuite.ITSupport,verifier/1[java.lang.String],projectName,1
/home/roberto/Desktop/ProgettoEQS/UseCK/./gmaven/gmaven-adapter-api/src/main/java/org/codehaus/gmaven/adapter/ClosureTarget.java,org.codehaus.gmaven.adapter.ClosureTarget,call/1[java.lang.Object[]],args,0
/home/roberto/Desktop/ProgettoEQS/UseCK/./gmaven/groovy-maven-plugin/src/main/java/org/codehaus/gmaven/plugin/MojoResourceLoader.java,org.codehaus.gmaven.plugin.MojoResourceLoader,"resolve/2[java.lang.String,java.lang.ClassLoader]",path,1
/home/roberto/Desktop/ProgettoEQS/UseCK/./gmaven/groovy-maven-plugin/src/main/java/org/codehaus/gmaven/plugin/MojoResourceLoader.java,org.codehaus.gmaven.plugin.MojoResourceLoader,"resolve/2[java.lang.String,java.lang.ClassLoader]",classLoader,3
/home/roberto/Desktop/ProgettoEQS/UseCK/./gmaven/groovy-maven-plugin/src/main/java/org/codehaus/gmaven/plugin/MojoResourceLoader.java,org.codehaus.gmaven.plugin.MojoResourceLoader,"resolve/2[java.lang.String,java.lang.ClassLoader]",file,5
/home/roberto/Desktop/ProgettoEQS/UseCK/./gmaven/groovy-maven-plugin/src/main/java/org/codehaus/gmaven/plugin/MojoResourceLoader.java,org.codehaus.gmaven.plugin.MojoResourceLoader,"resolve/2[java.lang.String,java.lang.ClassLoader]",tmp,1
/home/roberto/Desktop/ProgettoEQS/UseCK/./gmaven/groovy-maven-plugin/src/main/java/org/codehaus/gmaven/plugin/MojoResourceLoader.java,org.codehaus.gmaven.plugin.MojoResourceLoader,"resolve/2[java.lang.String,java.lang.ClassLoader]",name,6
/home/roberto/Desktop/ProgettoEQS/UseCK/./gmaven/groovy-maven-plugin/src/main/java/org/codehaus/gmaven/plugin/MojoResourceLoader.java,org.codehaus.gmaven.plugin.MojoResourceLoader,"resolve/2[java.lang.String,java.lang.ClassLoader]",className,2
/home/roberto/Desktop/ProgettoEQS/UseCK/./gmaven/groovy-maven-plugin/src/main/java/org/codehaus/gmaven/plugin/MojoResourceLoader.java,org.codehaus.gmaven.plugin.MojoResourceLoader,"resolve/2[java.lang.String,java.lang.ClassLoader]",url,4
/home/roberto/Desktop/ProgettoEQS/UseCK/./gmaven/groovy-maven-plugin/src/main/java/org/codehaus/gmaven/plugin/MojoResourceLoader.java,org.codehaus.gmaven.plugin.MojoResourceLoader,"resolve/2[java.lang.String,java.lang.ClassLoader]",script,2
/home/roberto/Desktop/ProgettoEQS/UseCK/./gmaven/groovy-maven-plugin/src/main/java/org/codehaus/gmaven/plugin/MojoResourceLoader.java,org.codehaus.gmaven.plugin.MojoResourceLoader,"MojoResourceLoader/3[java.lang.ClassLoader,org.codehaus.gmaven.adapter.ClassSource,java.util.List<java.io.File>]",classLoader,1
/home/roberto/Desktop/ProgettoEQS/UseCK/./gmaven/groovy-maven-plugin/src/main/java/org/codehaus/gmaven/plugin/MojoResourceLoader.java,org.codehaus.gmaven.plugin.MojoResourceLoader,"MojoResourceLoader/3[java.lang.ClassLoader,org.codehaus.gmaven.adapter.ClassSource,java.util.List<java.io.File>]",classSource,2
/home/roberto/Desktop/ProgettoEQS/UseCK/./gmaven/groovy-maven-plugin/src/main/java/org/codehaus/gmaven/plugin/MojoResourceLoader.java,org.codehaus.gmaven.plugin.MojoResourceLoader,"MojoResourceLoader/3[java.lang.ClassLoader,org.codehaus.gmaven.adapter.ClassSource,java.util.List<java.io.File>]",scriptpath,2
/home/roberto/Desktop/ProgettoEQS/UseCK/./gmaven/groovy-maven-plugin/src/main/java/org/codehaus/gmaven/plugin/MojoResourceLoader.java,org.codehaus.gmaven.plugin.MojoResourceLoader,"MojoResourceLoader/2[java.lang.ClassLoader,java.util.List<java.io.File>]",classLoader,1
/home/roberto/Desktop/ProgettoEQS/UseCK/./gmaven/groovy-maven-plugin/src/main/java/org/codehaus/gmaven/plugin/MojoResourceLoader.java,org.codehaus.gmaven.plugin.MojoResourceLoader,"MojoResourceLoader/2[java.lang.ClassLoader,java.util.List<java.io.File>]",scriptpath,1
/home/roberto/Desktop/ProgettoEQS/UseCK/./gmaven/gmaven-adapter-api/src/main/java/org/codehaus/gmaven/adapter/ShellRunner.java,org.codehaus.gmaven.adapter.ShellRunner,"run/4[java.lang.ClassLoader,org.codehaus.gmaven.adapter.ResourceLoader,java.util.Map<java.lang.String,java.lang.Object>,java.util.Map<java.lang.String,java.lang.Object>]",classLoader,0
/home/roberto/Desktop/ProgettoEQS/UseCK/./gmaven/gmaven-adapter-api/src/main/java/org/codehaus/gmaven/adapter/ShellRunner.java,org.codehaus.gmaven.adapter.ShellRunner,"run/4[java.lang.ClassLoader,org.codehaus.gmaven.adapter.ResourceLoader,java.util.Map<java.lang.String,java.lang.Object>,java.util.Map<java.lang.String,java.lang.Object>]",context,0
/home/roberto/Desktop/ProgettoEQS/UseCK/./gmaven/gmaven-adapter-api/src/main/java/org/codehaus/gmaven/adapter/ShellRunner.java,org.codehaus.gmaven.adapter.ShellRunner,"run/4[java.lang.ClassLoader,org.codehaus.gmaven.adapter.ResourceLoader,java.util.Map<java.lang.String,java.lang.Object>,java.util.Map<java.lang.String,java.lang.Object>]",options,0
/home/roberto/Desktop/ProgettoEQS/UseCK/./gmaven/gmaven-adapter-api/src/main/java/org/codehaus/gmaven/adapter/ShellRunner.java,org.codehaus.gmaven.adapter.ShellRunner,"run/4[java.lang.ClassLoader,org.codehaus.gmaven.adapter.ResourceLoader,java.util.Map<java.lang.String,java.lang.Object>,java.util.Map<java.lang.String,java.lang.Object>]",resourceLoader,0
/home/roberto/Desktop/ProgettoEQS/UseCK/./gmaven/groovy-maven-plugin/src/test/java/org/codehaus/gmaven/plugin/FailClosureTargetTest.java,org.codehaus.gmaven.plugin.FailClosureTargetTest,fail_noArgs/0,e,1
/home/roberto/Desktop/ProgettoEQS/UseCK/./gmaven/groovy-maven-plugin/src/test/java/org/codehaus/gmaven/plugin/FailClosureTargetTest.java,org.codehaus.gmaven.plugin.FailClosureTargetTest,fail_throwable/0,e,2
/home/roberto/Desktop/ProgettoEQS/UseCK/./gmaven/groovy-maven-plugin/src/test/java/org/codehaus/gmaven/plugin/FailClosureTargetTest.java,org.codehaus.gmaven.plugin.FailClosureTargetTest,fail_throwable/0,cause,2
/home/roberto/Desktop/ProgettoEQS/UseCK/./gmaven/groovy-maven-plugin/src/test/java/org/codehaus/gmaven/plugin/FailClosureTargetTest.java,org.codehaus.gmaven.plugin.FailClosureTargetTest,fail_null/0,e,1
/home/roberto/Desktop/ProgettoEQS/UseCK/./gmaven/groovy-maven-plugin/src/test/java/org/codehaus/gmaven/plugin/FailClosureTargetTest.java,org.codehaus.gmaven.plugin.FailClosureTargetTest,fail_objectAndThrowable/0,e,2
/home/roberto/Desktop/ProgettoEQS/UseCK/./gmaven/groovy-maven-plugin/src/test/java/org/codehaus/gmaven/plugin/FailClosureTargetTest.java,org.codehaus.gmaven.plugin.FailClosureTargetTest,fail_objectAndThrowable/0,cause,2
/home/roberto/Desktop/ProgettoEQS/UseCK/./gmaven/groovy-maven-plugin/src/test/java/org/codehaus/gmaven/plugin/FailClosureTargetTest.java,org.codehaus.gmaven.plugin.FailClosureTargetTest,fail_object/0,e,2
/home/roberto/Desktop/ProgettoEQS/UseCK/./gmaven/gmaven-adapter-impl/src/main/java/org/codehaus/gmaven/adapter/impl/ScriptExecutorImpl.java,org.codehaus.gmaven.adapter.impl.ScriptExecutorImpl,ScriptExecutorImpl/1[org.codehaus.gmaven.adapter.impl.GroovyRuntimeImpl],runtime,2
/home/roberto/Desktop/ProgettoEQS/UseCK/./gmaven/gmaven-adapter-impl/src/main/java/org/codehaus/gmaven/adapter/impl/ScriptExecutorImpl.java,org.codehaus.gmaven.adapter.impl.ScriptExecutorImpl,"configureOptions/2[org.codehaus.gmaven.adapter.impl.GroovyShell,java.util.Map<java.lang.String,java.lang.Object>]",shell,0
/home/roberto/Desktop/ProgettoEQS/UseCK/./gmaven/gmaven-adapter-impl/src/main/java/org/codehaus/gmaven/adapter/impl/ScriptExecutorImpl.java,org.codehaus.gmaven.adapter.impl.ScriptExecutorImpl,"configureOptions/2[org.codehaus.gmaven.adapter.impl.GroovyShell,java.util.Map<java.lang.String,java.lang.Object>]",options,0
/home/roberto/Desktop/ProgettoEQS/UseCK/./gmaven/gmaven-adapter-impl/src/main/java/org/codehaus/gmaven/adapter/impl/ScriptExecutorImpl.java,org.codehaus.gmaven.adapter.impl.ScriptExecutorImpl,"execute/5[org.codehaus.gmaven.adapter.ClassSource,java.lang.ClassLoader,org.codehaus.gmaven.adapter.ResourceLoader,java.util.Map<java.lang.String,java.lang.Object>,java.util.Map<java.lang.String,java.lang.Object>]",cc,1
/home/roberto/Desktop/ProgettoEQS/UseCK/./gmaven/gmaven-adapter-impl/src/main/java/org/codehaus/gmaven/adapter/impl/ScriptExecutorImpl.java,org.codehaus.gmaven.adapter.impl.ScriptExecutorImpl,"execute/5[org.codehaus.gmaven.adapter.ClassSource,java.lang.ClassLoader,org.codehaus.gmaven.adapter.ResourceLoader,java.util.Map<java.lang.String,java.lang.Object>,java.util.Map<java.lang.String,java.lang.Object>]",gcl,2
/home/roberto/Desktop/ProgettoEQS/UseCK/./gmaven/gmaven-adapter-impl/src/main/java/org/codehaus/gmaven/adapter/impl/ScriptExecutorImpl.java,org.codehaus.gmaven.adapter.impl.ScriptExecutorImpl,"execute/5[org.codehaus.gmaven.adapter.ClassSource,java.lang.ClassLoader,org.codehaus.gmaven.adapter.ResourceLoader,java.util.Map<java.lang.String,java.lang.Object>,java.util.Map<java.lang.String,java.lang.Object>]",classLoader,3
/home/roberto/Desktop/ProgettoEQS/UseCK/./gmaven/gmaven-adapter-impl/src/main/java/org/codehaus/gmaven/adapter/impl/ScriptExecutorImpl.java,org.codehaus.gmaven.adapter.impl.ScriptExecutorImpl,"execute/5[org.codehaus.gmaven.adapter.ClassSource,java.lang.ClassLoader,org.codehaus.gmaven.adapter.ResourceLoader,java.util.Map<java.lang.String,java.lang.Object>,java.util.Map<java.lang.String,java.lang.Object>]",shell,2
/home/roberto/Desktop/ProgettoEQS/UseCK/./gmaven/gmaven-adapter-impl/src/main/java/org/codehaus/gmaven/adapter/impl/ScriptExecutorImpl.java,org.codehaus.gmaven.adapter.impl.ScriptExecutorImpl,"execute/5[org.codehaus.gmaven.adapter.ClassSource,java.lang.ClassLoader,org.codehaus.gmaven.adapter.ResourceLoader,java.util.Map<java.lang.String,java.lang.Object>,java.util.Map<java.lang.String,java.lang.Object>]",classSource,3
/home/roberto/Desktop/ProgettoEQS/UseCK/./gmaven/gmaven-adapter-impl/src/main/java/org/codehaus/gmaven/adapter/impl/ScriptExecutorImpl.java,org.codehaus.gmaven.adapter.impl.ScriptExecutorImpl,"execute/5[org.codehaus.gmaven.adapter.ClassSource,java.lang.ClassLoader,org.codehaus.gmaven.adapter.ResourceLoader,java.util.Map<java.lang.String,java.lang.Object>,java.util.Map<java.lang.String,java.lang.Object>]",context,3
/home/roberto/Desktop/ProgettoEQS/UseCK/./gmaven/gmaven-adapter-impl/src/main/java/org/codehaus/gmaven/adapter/impl/ScriptExecutorImpl.java,org.codehaus.gmaven.adapter.impl.ScriptExecutorImpl,"execute/5[org.codehaus.gmaven.adapter.ClassSource,java.lang.ClassLoader,org.codehaus.gmaven.adapter.ResourceLoader,java.util.Map<java.lang.String,java.lang.Object>,java.util.Map<java.lang.String,java.lang.Object>]",options,2
/home/roberto/Desktop/ProgettoEQS/UseCK/./gmaven/gmaven-adapter-impl/src/main/java/org/codehaus/gmaven/adapter/impl/ScriptExecutorImpl.java,org.codehaus.gmaven.adapter.impl.ScriptExecutorImpl,"execute/5[org.codehaus.gmaven.adapter.ClassSource,java.lang.ClassLoader,org.codehaus.gmaven.adapter.ResourceLoader,java.util.Map<java.lang.String,java.lang.Object>,java.util.Map<java.lang.String,java.lang.Object>]",binding,1
/home/roberto/Desktop/ProgettoEQS/UseCK/./gmaven/gmaven-adapter-impl/src/main/java/org/codehaus/gmaven/adapter/impl/ScriptExecutorImpl.java,org.codehaus.gmaven.adapter.impl.ScriptExecutorImpl,"execute/5[org.codehaus.gmaven.adapter.ClassSource,java.lang.ClassLoader,org.codehaus.gmaven.adapter.ResourceLoader,java.util.Map<java.lang.String,java.lang.Object>,java.util.Map<java.lang.String,java.lang.Object>]",resourceLoader,3
/home/roberto/Desktop/ProgettoEQS/UseCK/./gmaven/gmaven-adapter-impl/src/main/java/org/codehaus/gmaven/adapter/impl/ScriptExecutorImpl.java,org.codehaus.gmaven.adapter.impl.ScriptExecutorImpl,"execute/5[org.codehaus.gmaven.adapter.ClassSource,java.lang.ClassLoader,org.codehaus.gmaven.adapter.ResourceLoader,java.util.Map<java.lang.String,java.lang.Object>,java.util.Map<java.lang.String,java.lang.Object>]",codeSource,1
/home/roberto/Desktop/ProgettoEQS/UseCK/./gmaven/groovy-maven-plugin/src/test/java/org/codehaus/gmaven/plugin/ClasspathScopeTest.java,org.codehaus.gmaven.plugin.ClasspathScopeTest,matches_test/0,value,5
/home/roberto/Desktop/ProgettoEQS/UseCK/./gmaven/groovy-maven-plugin/src/test/java/org/codehaus/gmaven/plugin/ClasspathScopeTest.java,org.codehaus.gmaven.plugin.ClasspathScopeTest,matches_provided/0,value,5
/home/roberto/Desktop/ProgettoEQS/UseCK/./gmaven/groovy-maven-plugin/src/test/java/org/codehaus/gmaven/plugin/ClasspathScopeTest.java,org.codehaus.gmaven.plugin.ClasspathScopeTest,matches_runtime/0,value,5
/home/roberto/Desktop/ProgettoEQS/UseCK/./gmaven/groovy-maven-plugin/src/test/java/org/codehaus/gmaven/plugin/ClasspathScopeTest.java,org.codehaus.gmaven.plugin.ClasspathScopeTest,matches_none/0,value,5
/home/roberto/Desktop/ProgettoEQS/UseCK/./gmaven/groovy-maven-plugin/src/test/java/org/codehaus/gmaven/plugin/ClasspathScopeTest.java,org.codehaus.gmaven.plugin.ClasspathScopeTest,matches_compile/0,value,5
/home/roberto/Desktop/ProgettoEQS/UseCK/./gmaven/gmaven-testsuite/src/test/java/org/codehaus/gmaven/testsuite/MavenVerifier.java,org.codehaus.gmaven.testsuite.MavenVerifier,logContains/1[java.lang.String[]],values,1
/home/roberto/Desktop/ProgettoEQS/UseCK/./gmaven/gmaven-testsuite/src/test/java/org/codehaus/gmaven/testsuite/MavenVerifier.java,org.codehaus.gmaven.testsuite.MavenVerifier,logContains/1[java.lang.String[]],value,1
/home/roberto/Desktop/ProgettoEQS/UseCK/./gmaven/gmaven-testsuite/src/test/java/org/codehaus/gmaven/testsuite/MavenVerifier.java,org.codehaus.gmaven.testsuite.MavenVerifier,executeGoal/1[java.lang.String],goal,1
/home/roberto/Desktop/ProgettoEQS/UseCK/./gmaven/gmaven-testsuite/src/test/java/org/codehaus/gmaven/testsuite/MavenVerifier.java,org.codehaus.gmaven.testsuite.MavenVerifier,addProfile/1[java.lang.String],profileId,1
/home/roberto/Desktop/ProgettoEQS/UseCK/./gmaven/gmaven-testsuite/src/test/java/org/codehaus/gmaven/testsuite/MavenVerifier.java,org.codehaus.gmaven.testsuite.MavenVerifier,"MavenVerifier/2[java.io.File,java.io.File]",projectDir,1
/home/roberto/Desktop/ProgettoEQS/UseCK/./gmaven/gmaven-testsuite/src/test/java/org/codehaus/gmaven/testsuite/MavenVerifier.java,org.codehaus.gmaven.testsuite.MavenVerifier,"MavenVerifier/2[java.io.File,java.io.File]",settingsFile,1
/home/roberto/Desktop/ProgettoEQS/UseCK/./gmaven/gmaven-testsuite/src/test/java/org/codehaus/gmaven/testsuite/MavenVerifier.java,org.codehaus.gmaven.testsuite.MavenVerifier,"setProperty/2[java.lang.String,java.lang.Object]",name,1
/home/roberto/Desktop/ProgettoEQS/UseCK/./gmaven/gmaven-testsuite/src/test/java/org/codehaus/gmaven/testsuite/MavenVerifier.java,org.codehaus.gmaven.testsuite.MavenVerifier,"setProperty/2[java.lang.String,java.lang.Object]",value,1
/home/roberto/Desktop/ProgettoEQS/UseCK/./gmaven/gmaven-testsuite/src/test/java/org/codehaus/gmaven/testsuite/MavenVerifier.java,org.codehaus.gmaven.testsuite.MavenVerifier,addArg/1[java.lang.String],arg,1
/home/roberto/Desktop/ProgettoEQS/UseCK/./gmaven/groovy-maven-plugin/src/main/java/org/codehaus/gmaven/plugin/util/ContainerHelper.java,org.codehaus.gmaven.plugin.util.ContainerHelper,"lookup/2[java.lang.Class,java.lang.String]",component,2
/home/roberto/Desktop/ProgettoEQS/UseCK/./gmaven/groovy-maven-plugin/src/main/java/org/codehaus/gmaven/plugin/util/ContainerHelper.java,org.codehaus.gmaven.plugin.util.ContainerHelper,"lookup/2[java.lang.Class,java.lang.String]",name,3
/home/roberto/Desktop/ProgettoEQS/UseCK/./gmaven/groovy-maven-plugin/src/main/java/org/codehaus/gmaven/plugin/util/ContainerHelper.java,org.codehaus.gmaven.plugin.util.ContainerHelper,"lookup/2[java.lang.Class,java.lang.String]",type,3
/home/roberto/Desktop/ProgettoEQS/UseCK/./gmaven/groovy-maven-plugin/src/main/java/org/codehaus/gmaven/plugin/util/ContainerHelper.java,org.codehaus.gmaven.plugin.util.ContainerHelper,lookup/1[java.lang.Class],component,2
/home/roberto/Desktop/ProgettoEQS/UseCK/./gmaven/groovy-maven-plugin/src/main/java/org/codehaus/gmaven/plugin/util/ContainerHelper.java,org.codehaus.gmaven.plugin.util.ContainerHelper,lookup/1[java.lang.Class],type,3
/home/roberto/Desktop/ProgettoEQS/UseCK/./gmaven/groovy-maven-plugin/src/main/java/org/codehaus/gmaven/plugin/util/ContainerHelper.java,org.codehaus.gmaven.plugin.util.ContainerHelper,"lookup/2[java.lang.String,java.lang.String]",component,2
/home/roberto/Desktop/ProgettoEQS/UseCK/./gmaven/groovy-maven-plugin/src/main/java/org/codehaus/gmaven/plugin/util/ContainerHelper.java,org.codehaus.gmaven.plugin.util.ContainerHelper,"lookup/2[java.lang.String,java.lang.String]",typeName,3
/home/roberto/Desktop/ProgettoEQS/UseCK/./gmaven/groovy-maven-plugin/src/main/java/org/codehaus/gmaven/plugin/util/ContainerHelper.java,org.codehaus.gmaven.plugin.util.ContainerHelper,"lookup/2[java.lang.String,java.lang.String]",name,3
/home/roberto/Desktop/ProgettoEQS/UseCK/./gmaven/groovy-maven-plugin/src/main/java/org/codehaus/gmaven/plugin/util/ContainerHelper.java,org.codehaus.gmaven.plugin.util.ContainerHelper,ContainerHelper/1[org.codehaus.gmaven.plugin.util.PlexusContainer],container,2
/home/roberto/Desktop/ProgettoEQS/UseCK/./gmaven/groovy-maven-plugin/src/main/java/org/codehaus/gmaven/plugin/util/ContainerHelper.java,org.codehaus.gmaven.plugin.util.ContainerHelper,lookup/1[java.lang.String],component,2
/home/roberto/Desktop/ProgettoEQS/UseCK/./gmaven/groovy-maven-plugin/src/main/java/org/codehaus/gmaven/plugin/util/ContainerHelper.java,org.codehaus.gmaven.plugin.util.ContainerHelper,lookup/1[java.lang.String],typeName,3
/home/roberto/Desktop/ProgettoEQS/UseCK/./gmaven/groovy-maven-plugin/src/test/java/org/codehaus/gmaven/plugin/util/Maps2Test.java,org.codehaus.gmaven.plugin.util.Maps2Test,fromProperties_entryWithNullValue/0,props1,1
/home/roberto/Desktop/ProgettoEQS/UseCK/./gmaven/groovy-maven-plugin/src/test/java/org/codehaus/gmaven/plugin/util/Maps2Test.java,org.codehaus.gmaven.plugin.util.Maps2Test,fromProperties_entryWithNullValue/0,props2,1
/home/roberto/Desktop/ProgettoEQS/UseCK/./gmaven/groovy-maven-plugin/src/main/java/org/codehaus/gmaven/plugin/FailClosureTarget.java,org.codehaus.gmaven.plugin.FailClosureTarget,call/1[java.lang.Object[]],args,10
/home/roberto/Desktop/ProgettoEQS/UseCK/./gmaven/groovy-maven-plugin/src/main/java/org/codehaus/gmaven/plugin/FailClosureTarget.java,org.codehaus.gmaven.plugin.FailClosureTarget,call/1[java.lang.Object[]],cause,2
/home/roberto/Desktop/ProgettoEQS/UseCK/./gmaven/groovy-maven-plugin/src/main/java/org/codehaus/gmaven/plugin/BasicResourceLoader.java,org.codehaus.gmaven.plugin.BasicResourceLoader,resourceName/1[java.lang.String],name,8
/home/roberto/Desktop/ProgettoEQS/UseCK/./gmaven/groovy-maven-plugin/src/main/java/org/codehaus/gmaven/plugin/BasicResourceLoader.java,org.codehaus.gmaven.plugin.BasicResourceLoader,resourceName/1[java.lang.String],className,1
/home/roberto/Desktop/ProgettoEQS/UseCK/./gmaven/groovy-maven-plugin/src/main/java/org/codehaus/gmaven/plugin/BasicResourceLoader.java,org.codehaus.gmaven.plugin.BasicResourceLoader,loadResource/1[java.lang.String],name,1
/home/roberto/Desktop/ProgettoEQS/UseCK/./gmaven/groovy-maven-plugin/src/main/java/org/codehaus/gmaven/plugin/BasicResourceLoader.java,org.codehaus.gmaven.plugin.BasicResourceLoader,"resolve/2[java.lang.String,java.lang.ClassLoader]",classLoader,2
/home/roberto/Desktop/ProgettoEQS/UseCK/./gmaven/groovy-maven-plugin/src/main/java/org/codehaus/gmaven/plugin/BasicResourceLoader.java,org.codehaus.gmaven.plugin.BasicResourceLoader,"resolve/2[java.lang.String,java.lang.ClassLoader]",resource,4
/home/roberto/Desktop/ProgettoEQS/UseCK/./gmaven/groovy-maven-plugin/src/main/java/org/codehaus/gmaven/plugin/BasicResourceLoader.java,org.codehaus.gmaven.plugin.BasicResourceLoader,"resolve/2[java.lang.String,java.lang.ClassLoader]",name,3
/home/roberto/Desktop/ProgettoEQS/UseCK/./gmaven/groovy-maven-plugin/src/main/java/org/codehaus/gmaven/plugin/BasicResourceLoader.java,org.codehaus.gmaven.plugin.BasicResourceLoader,"resolve/2[java.lang.String,java.lang.ClassLoader]",className,2
/home/roberto/Desktop/ProgettoEQS/UseCK/./gmaven/groovy-maven-plugin/src/main/java/org/codehaus/gmaven/plugin/BasicResourceLoader.java,org.codehaus.gmaven.plugin.BasicResourceLoader,"resolve/2[java.lang.String,java.lang.ClassLoader]",tcl,2
/home/roberto/Desktop/ProgettoEQS/UseCK/./gmaven/groovy-maven-plugin/src/main/java/org/codehaus/gmaven/plugin/BasicResourceLoader.java,org.codehaus.gmaven.plugin.BasicResourceLoader,BasicResourceLoader/1[java.lang.ClassLoader],classLoader,2
/home/roberto/Desktop/ProgettoEQS/UseCK/./gmaven/gmaven-testsuite/src/test/java/org/codehaus/gmaven/testsuite/suite/SuiteSupport.java,org.codehaus.gmaven.testsuite.suite.SuiteSupport,setGroovyVersion/1[java.lang.String],version,1
/home/roberto/Desktop/ProgettoEQS/UseCK/./gmaven/gmaven-testsuite/src/test/java/org/codehaus/gmaven/testsuite/suite/SuiteSupport.java,org.codehaus.gmaven.testsuite.suite.SuiteSupport,setMavenVersion/1[java.lang.String],version,1
/home/roberto/Desktop/ProgettoEQS/UseCK/./gmaven/groovy-maven-plugin/src/main/java/org/codehaus/gmaven/plugin/ClasspathScope.java,org.codehaus.gmaven.plugin.ClasspathScope,ClasspathScope/1[org.codehaus.gmaven.plugin.ClasspathScope],include,2
/home/roberto/Desktop/ProgettoEQS/UseCK/./gmaven/groovy-maven-plugin/src/main/java/org/codehaus/gmaven/plugin/ClasspathScope.java,org.codehaus.gmaven.plugin.ClasspathScope,matches/1[java.lang.String],scope,2
/home/roberto/Desktop/ProgettoEQS/UseCK/./gmaven/groovy-maven-plugin/src/main/java/org/codehaus/gmaven/plugin/ClasspathScope.java,org.codehaus.gmaven.plugin.ClasspathScope,matches/1[org.codehaus.gmaven.plugin.ClasspathScope],scope,1
/home/roberto/Desktop/ProgettoEQS/UseCK/./gmaven/groovy-maven-plugin/src/main/java/org/codehaus/gmaven/plugin/util/VersionHelper.java,org.codehaus.gmaven.plugin.util.VersionHelper,before/1[int[]],parts,5
/home/roberto/Desktop/ProgettoEQS/UseCK/./gmaven/groovy-maven-plugin/src/main/java/org/codehaus/gmaven/plugin/util/VersionHelper.java,org.codehaus.gmaven.plugin.util.VersionHelper,before/1[int[]],i,4
/home/roberto/Desktop/ProgettoEQS/UseCK/./gmaven/groovy-maven-plugin/src/main/java/org/codehaus/gmaven/plugin/util/VersionHelper.java,org.codehaus.gmaven.plugin.util.VersionHelper,before/1[int[]],buff,5
/home/roberto/Desktop/ProgettoEQS/UseCK/./gmaven/groovy-maven-plugin/src/main/java/org/codehaus/gmaven/plugin/util/VersionHelper.java,org.codehaus.gmaven.plugin.util.VersionHelper,parseVersion/1[java.lang.String],e,1
/home/roberto/Desktop/ProgettoEQS/UseCK/./gmaven/groovy-maven-plugin/src/main/java/org/codehaus/gmaven/plugin/util/VersionHelper.java,org.codehaus.gmaven.plugin.util.VersionHelper,parseVersion/1[java.lang.String],version,2
/home/roberto/Desktop/ProgettoEQS/UseCK/./gmaven/groovy-maven-plugin/src/main/java/org/codehaus/gmaven/plugin/util/VersionHelper.java,org.codehaus.gmaven.plugin.util.VersionHelper,parseRange/1[java.lang.String],e,1
/home/roberto/Desktop/ProgettoEQS/UseCK/./gmaven/groovy-maven-plugin/src/main/java/org/codehaus/gmaven/plugin/util/VersionHelper.java,org.codehaus.gmaven.plugin.util.VersionHelper,parseRange/1[java.lang.String],pattern,2
/home/roberto/Desktop/ProgettoEQS/UseCK/./gmaven/groovy-maven-plugin/src/main/java/org/codehaus/gmaven/plugin/util/VersionHelper.java,org.codehaus.gmaven.plugin.util.VersionHelper,range/1[int[]],parts,9
/home/roberto/Desktop/ProgettoEQS/UseCK/./gmaven/groovy-maven-plugin/src/main/java/org/codehaus/gmaven/plugin/util/VersionHelper.java,org.codehaus.gmaven.plugin.util.VersionHelper,range/1[int[]],i,10
/home/roberto/Desktop/ProgettoEQS/UseCK/./gmaven/groovy-maven-plugin/src/main/java/org/codehaus/gmaven/plugin/util/VersionHelper.java,org.codehaus.gmaven.plugin.util.VersionHelper,range/1[int[]],buff,8
/home/roberto/Desktop/ProgettoEQS/UseCK/./gmaven/groovy-maven-plugin/src/main/java/org/codehaus/gmaven/plugin/util/VersionHelper.java,org.codehaus.gmaven.plugin.util.VersionHelper,VersionHelper/1[org.codehaus.gmaven.plugin.util.VersionScheme],versionScheme,2
/home/roberto/Desktop/ProgettoEQS/UseCK/./gmaven/groovy-maven-plugin/src/main/java/org/codehaus/gmaven/plugin/ConsoleMojo.java,org.codehaus.gmaven.plugin.ConsoleMojo,run/0,console,1
/home/roberto/Desktop/ProgettoEQS/UseCK/./gmaven/groovy-maven-plugin/src/main/java/org/codehaus/gmaven/plugin/ConsoleMojo.java,org.codehaus.gmaven.plugin.ConsoleMojo,run/0,context,1
/home/roberto/Desktop/ProgettoEQS/UseCK/./gmaven/groovy-maven-plugin/src/main/java/org/codehaus/gmaven/plugin/ConsoleMojo.java,org.codehaus.gmaven.plugin.ConsoleMojo,run/0,options,1
/home/roberto/Desktop/ProgettoEQS/UseCK/./gmaven/groovy-maven-plugin/src/main/java/org/codehaus/gmaven/plugin/ConsoleMojo.java,org.codehaus.gmaven.plugin.ConsoleMojo,run/0,handle,1
/home/roberto/Desktop/ProgettoEQS/UseCK/./gmaven/groovy-maven-plugin/src/main/java/org/codehaus/gmaven/plugin/ConsoleMojo.java,org.codehaus.gmaven.plugin.ConsoleMojo,run/0,resourceLoader,1
/home/roberto/Desktop/ProgettoEQS/UseCK/./gmaven/gmaven-testsuite/src/test/java/org/codehaus/gmaven/testsuite/tests/ExecuteBasics.java,org.codehaus.gmaven.testsuite.tests.ExecuteBasics,simpleFileSource/0,file,1
/home/roberto/Desktop/ProgettoEQS/UseCK/./gmaven/gmaven-testsuite/src/test/java/org/codehaus/gmaven/testsuite/tests/ExecuteBasics.java,org.codehaus.gmaven.testsuite.tests.ExecuteBasics,simpleUrlSource/0,url,1
/home/roberto/Desktop/ProgettoEQS/UseCK/./gmaven/gmaven-testsuite/src/test/java/org/codehaus/gmaven/testsuite/tests/ExecuteBasics.java,org.codehaus.gmaven.testsuite.tests.ExecuteBasics,executeScript/1[java.lang.String],source,1
/home/roberto/Desktop/ProgettoEQS/UseCK/./gmaven/gmaven-testsuite/src/test/java/org/codehaus/gmaven/testsuite/tests/ExecuteBasics.java,org.codehaus.gmaven.testsuite.tests.ExecuteBasics,executeScriptFileName/1[java.lang.String],fileName,1
/home/roberto/Desktop/ProgettoEQS/UseCK/./gmaven/groovy-maven-plugin/src/main/java/org/codehaus/gmaven/plugin/RuntimeMojoSupport.java,org.codehaus.gmaven.plugin.RuntimeMojoSupport,configureAdditionalClasspath/1[org.codehaus.gmaven.plugin.ClassRealm],artifact,3
/home/roberto/Desktop/ProgettoEQS/UseCK/./gmaven/groovy-maven-plugin/src/main/java/org/codehaus/gmaven/plugin/RuntimeMojoSupport.java,org.codehaus.gmaven.plugin.RuntimeMojoSupport,configureAdditionalClasspath/1[org.codehaus.gmaven.plugin.ClassRealm],file,5
/home/roberto/Desktop/ProgettoEQS/UseCK/./gmaven/groovy-maven-plugin/src/main/java/org/codehaus/gmaven/plugin/RuntimeMojoSupport.java,org.codehaus.gmaven.plugin.RuntimeMojoSupport,configureAdditionalClasspath/1[org.codehaus.gmaven.plugin.ClassRealm],classpath,5
/home/roberto/Desktop/ProgettoEQS/UseCK/./gmaven/groovy-maven-plugin/src/main/java/org/codehaus/gmaven/plugin/RuntimeMojoSupport.java,org.codehaus.gmaven.plugin.RuntimeMojoSupport,configureAdditionalClasspath/1[org.codehaus.gmaven.plugin.ClassRealm],e,1
/home/roberto/Desktop/ProgettoEQS/UseCK/./gmaven/groovy-maven-plugin/src/main/java/org/codehaus/gmaven/plugin/RuntimeMojoSupport.java,org.codehaus.gmaven.plugin.RuntimeMojoSupport,configureAdditionalClasspath/1[org.codehaus.gmaven.plugin.ClassRealm],realm,1
/home/roberto/Desktop/ProgettoEQS/UseCK/./gmaven/groovy-maven-plugin/src/main/java/org/codehaus/gmaven/plugin/RuntimeMojoSupport.java,org.codehaus.gmaven.plugin.RuntimeMojoSupport,customizeProperties/1[org.codehaus.gmaven.plugin.util.PropertiesBuilder],builder,0
/home/roberto/Desktop/ProgettoEQS/UseCK/./gmaven/groovy-maven-plugin/src/main/java/org/codehaus/gmaven/plugin/RuntimeMojoSupport.java,org.codehaus.gmaven.plugin.RuntimeMojoSupport,ensureMavenCompatibility/1[java.lang.ClassLoader],classLoader,1
/home/roberto/Desktop/ProgettoEQS/UseCK/./gmaven/groovy-maven-plugin/src/main/java/org/codehaus/gmaven/plugin/RuntimeMojoSupport.java,org.codehaus.gmaven.plugin.RuntimeMojoSupport,ensureMavenCompatibility/1[java.lang.ClassLoader],mavenVersion,4
/home/roberto/Desktop/ProgettoEQS/UseCK/./gmaven/groovy-maven-plugin/src/main/java/org/codehaus/gmaven/plugin/RuntimeMojoSupport.java,org.codehaus.gmaven.plugin.RuntimeMojoSupport,ensureGroovyComparability/1[java.lang.ClassLoader],groovyVersion,4
/home/roberto/Desktop/ProgettoEQS/UseCK/./gmaven/groovy-maven-plugin/src/main/java/org/codehaus/gmaven/plugin/RuntimeMojoSupport.java,org.codehaus.gmaven.plugin.RuntimeMojoSupport,ensureGroovyComparability/1[java.lang.ClassLoader],classLoader,1
/home/roberto/Desktop/ProgettoEQS/UseCK/./gmaven/groovy-maven-plugin/src/main/java/org/codehaus/gmaven/plugin/RuntimeMojoSupport.java,org.codehaus.gmaven.plugin.RuntimeMojoSupport,resolveBasedir/0,path,6
/home/roberto/Desktop/ProgettoEQS/UseCK/./gmaven/groovy-maven-plugin/src/main/java/org/codehaus/gmaven/plugin/RuntimeMojoSupport.java,org.codehaus.gmaven.plugin.RuntimeMojoSupport,resolveBasedir/0,file,2
/home/roberto/Desktop/ProgettoEQS/UseCK/./gmaven/groovy-maven-plugin/src/main/java/org/codehaus/gmaven/plugin/RuntimeMojoSupport.java,org.codehaus.gmaven.plugin.RuntimeMojoSupport,createLogger/0,loggerName,1
/home/roberto/Desktop/ProgettoEQS/UseCK/./gmaven/groovy-maven-plugin/src/main/java/org/codehaus/gmaven/plugin/RuntimeMojoSupport.java,org.codehaus.gmaven.plugin.RuntimeMojoSupport,createProperties/0,props,2
/home/roberto/Desktop/ProgettoEQS/UseCK/./gmaven/groovy-maven-plugin/src/main/java/org/codehaus/gmaven/plugin/RuntimeMojoSupport.java,org.codehaus.gmaven.plugin.RuntimeMojoSupport,prepare/0,parentCl,2
/home/roberto/Desktop/ProgettoEQS/UseCK/./gmaven/groovy-maven-plugin/src/main/java/org/codehaus/gmaven/plugin/RuntimeMojoSupport.java,org.codehaus.gmaven.plugin.RuntimeMojoSupport,createContext/0,context,13
/home/roberto/Desktop/ProgettoEQS/UseCK/./gmaven/.mvn/wrapper/MavenWrapperDownloader.java,MavenWrapperDownloader,"downloadFileFromURL/2[java.lang.String,java.io.File]",website,1
/home/roberto/Desktop/ProgettoEQS/UseCK/./gmaven/.mvn/wrapper/MavenWrapperDownloader.java,MavenWrapperDownloader,"downloadFileFromURL/2[java.lang.String,java.io.File]",rbc,3
/home/roberto/Desktop/ProgettoEQS/UseCK/./gmaven/.mvn/wrapper/MavenWrapperDownloader.java,MavenWrapperDownloader,"downloadFileFromURL/2[java.lang.String,java.io.File]",urlString,1
/home/roberto/Desktop/ProgettoEQS/UseCK/./gmaven/.mvn/wrapper/MavenWrapperDownloader.java,MavenWrapperDownloader,"downloadFileFromURL/2[java.lang.String,java.io.File]",destination,1
/home/roberto/Desktop/ProgettoEQS/UseCK/./gmaven/.mvn/wrapper/MavenWrapperDownloader.java,MavenWrapperDownloader,"downloadFileFromURL/2[java.lang.String,java.io.File]",fos,2
/home/roberto/Desktop/ProgettoEQS/UseCK/./gmaven/.mvn/wrapper/MavenWrapperDownloader.java,MavenWrapperDownloader,main/1[java.lang.String[]],args,1
/home/roberto/Desktop/ProgettoEQS/UseCK/./gmaven/.mvn/wrapper/MavenWrapperDownloader.java,MavenWrapperDownloader,main/1[java.lang.String[]],outputFile,5
/home/roberto/Desktop/ProgettoEQS/UseCK/./gmaven/.mvn/wrapper/MavenWrapperDownloader.java,MavenWrapperDownloader,main/1[java.lang.String[]],mavenWrapperPropertyFile,2
/home/roberto/Desktop/ProgettoEQS/UseCK/./gmaven/.mvn/wrapper/MavenWrapperDownloader.java,MavenWrapperDownloader,main/1[java.lang.String[]],e,3
/home/roberto/Desktop/ProgettoEQS/UseCK/./gmaven/.mvn/wrapper/MavenWrapperDownloader.java,MavenWrapperDownloader,main/1[java.lang.String[]],mavenWrapperPropertyFileInputStream,4
/home/roberto/Desktop/ProgettoEQS/UseCK/./gmaven/.mvn/wrapper/MavenWrapperDownloader.java,MavenWrapperDownloader,main/1[java.lang.String[]],mavenWrapperProperties,2
/home/roberto/Desktop/ProgettoEQS/UseCK/./gmaven/.mvn/wrapper/MavenWrapperDownloader.java,MavenWrapperDownloader,main/1[java.lang.String[]],baseDirectory,3
/home/roberto/Desktop/ProgettoEQS/UseCK/./gmaven/.mvn/wrapper/MavenWrapperDownloader.java,MavenWrapperDownloader,main/1[java.lang.String[]],url,4
/home/roberto/Desktop/ProgettoEQS/UseCK/./gmaven/gmaven-testsuite/src/test/java/org/codehaus/gmaven/testsuite/tests/PropertyResolution.java,org.codehaus.gmaven.testsuite.tests.PropertyResolution,verify/1[org.codehaus.gmaven.testsuite.MavenVerifier],verifier,1
/home/roberto/Desktop/ProgettoEQS/UseCK/./gmaven/groovy-maven-plugin/src/main/java/org/codehaus/gmaven/plugin/ShellMojo.java,org.codehaus.gmaven.plugin.ShellMojo,run/0,shell,1
/home/roberto/Desktop/ProgettoEQS/UseCK/./gmaven/groovy-maven-plugin/src/main/java/org/codehaus/gmaven/plugin/ShellMojo.java,org.codehaus.gmaven.plugin.ShellMojo,run/0,context,1
/home/roberto/Desktop/ProgettoEQS/UseCK/./gmaven/groovy-maven-plugin/src/main/java/org/codehaus/gmaven/plugin/ShellMojo.java,org.codehaus.gmaven.plugin.ShellMojo,run/0,options,1
/home/roberto/Desktop/ProgettoEQS/UseCK/./gmaven/groovy-maven-plugin/src/main/java/org/codehaus/gmaven/plugin/ShellMojo.java,org.codehaus.gmaven.plugin.ShellMojo,run/0,resourceLoader,1
/home/roberto/Desktop/ProgettoEQS/UseCK/./gmaven/groovy-maven-plugin/src/main/java/org/codehaus/gmaven/plugin/ExecuteMojo.java,org.codehaus.gmaven.plugin.ExecuteMojo,customizeProperties/1[org.codehaus.gmaven.plugin.util.PropertiesBuilder],builder,1
/home/roberto/Desktop/ProgettoEQS/UseCK/./gmaven/groovy-maven-plugin/src/main/java/org/codehaus/gmaven/plugin/ExecuteMojo.java,org.codehaus.gmaven.plugin.ExecuteMojo,run/0,result,1
/home/roberto/Desktop/ProgettoEQS/UseCK/./gmaven/groovy-maven-plugin/src/main/java/org/codehaus/gmaven/plugin/ExecuteMojo.java,org.codehaus.gmaven.plugin.ExecuteMojo,run/0,executor,1
/home/roberto/Desktop/ProgettoEQS/UseCK/./gmaven/groovy-maven-plugin/src/main/java/org/codehaus/gmaven/plugin/ExecuteMojo.java,org.codehaus.gmaven.plugin.ExecuteMojo,run/0,classSource,3
/home/roberto/Desktop/ProgettoEQS/UseCK/./gmaven/groovy-maven-plugin/src/main/java/org/codehaus/gmaven/plugin/ExecuteMojo.java,org.codehaus.gmaven.plugin.ExecuteMojo,run/0,context,1
/home/roberto/Desktop/ProgettoEQS/UseCK/./gmaven/groovy-maven-plugin/src/main/java/org/codehaus/gmaven/plugin/ExecuteMojo.java,org.codehaus.gmaven.plugin.ExecuteMojo,run/0,options,1
/home/roberto/Desktop/ProgettoEQS/UseCK/./gmaven/groovy-maven-plugin/src/main/java/org/codehaus/gmaven/plugin/ExecuteMojo.java,org.codehaus.gmaven.plugin.ExecuteMojo,run/0,resourceLoader,1
/home/roberto/Desktop/ProgettoEQS/UseCK/./gmaven/groovy-maven-plugin/src/test/java/org/codehaus/gmaven/plugin/MojoSupportTest.java,org.codehaus.gmaven.plugin.MojoSupportTest,execute_runExceptionCallsCleanup/0,underTest,1
/home/roberto/Desktop/ProgettoEQS/UseCK/./gmaven/groovy-maven-plugin/src/test/java/org/codehaus/gmaven/plugin/MojoSupportTest.java,org.codehaus.gmaven.plugin.MojoSupportTest,execute_runExceptionCallsCleanup/0,e,0
/home/roberto/Desktop/ProgettoEQS/UseCK/./gmaven/groovy-maven-plugin/src/test/java/org/codehaus/gmaven/plugin/MojoSupportTest.java,org.codehaus.gmaven.plugin.MojoSupportTest,execute_MojoExecutionException_propagates/0,underTest,1
/home/roberto/Desktop/ProgettoEQS/UseCK/./gmaven/groovy-maven-plugin/src/test/java/org/codehaus/gmaven/plugin/MojoSupportTest.java,org.codehaus.gmaven.plugin.MojoSupportTest,execute_MojoExecutionException_propagates/0,e,1
/home/roberto/Desktop/ProgettoEQS/UseCK/./gmaven/groovy-maven-plugin/src/test/java/org/codehaus/gmaven/plugin/MojoSupportTest.java,org.codehaus.gmaven.plugin.MojoSupportTest,execute_prepareExceptionCallsCleanup/0,underTest,1
/home/roberto/Desktop/ProgettoEQS/UseCK/./gmaven/groovy-maven-plugin/src/test/java/org/codehaus/gmaven/plugin/MojoSupportTest.java,org.codehaus.gmaven.plugin.MojoSupportTest,execute_prepareExceptionCallsCleanup/0,e,0
/home/roberto/Desktop/ProgettoEQS/UseCK/./gmaven/groovy-maven-plugin/src/test/java/org/codehaus/gmaven/plugin/MojoSupportTest.java,org.codehaus.gmaven.plugin.MojoSupportTest,execute_MojoFailureException_propagates/0,underTest,1
/home/roberto/Desktop/ProgettoEQS/UseCK/./gmaven/groovy-maven-plugin/src/test/java/org/codehaus/gmaven/plugin/MojoSupportTest.java,org.codehaus.gmaven.plugin.MojoSupportTest,execute_MojoFailureException_propagates/0,e,1
/home/roberto/Desktop/ProgettoEQS/UseCK/./gmaven/groovy-maven-plugin/src/test/java/org/codehaus/gmaven/plugin/MojoSupportTest.java,org.codehaus.gmaven.plugin.MojoSupportTest,execute_prepare_run_cleanup/0,underTest,1
/home/roberto/Desktop/ProgettoEQS/UseCK/./gmaven/groovy-maven-plugin/src/main/java/org/codehaus/gmaven/plugin/ClassSourceFactory.java,org.codehaus.gmaven.plugin.ClassSourceFactory,create/1[java.lang.String],file,2
/home/roberto/Desktop/ProgettoEQS/UseCK/./gmaven/groovy-maven-plugin/src/main/java/org/codehaus/gmaven/plugin/ClassSourceFactory.java,org.codehaus.gmaven.plugin.ClassSourceFactory,create/1[java.lang.String],e,3
/home/roberto/Desktop/ProgettoEQS/UseCK/./gmaven/groovy-maven-plugin/src/main/java/org/codehaus/gmaven/plugin/ClassSourceFactory.java,org.codehaus.gmaven.plugin.ClassSourceFactory,create/1[java.lang.String],source,3
/home/roberto/Desktop/ProgettoEQS/UseCK/./gmaven/groovy-maven-plugin/src/main/java/org/codehaus/gmaven/plugin/ClassSourceFactory.java,org.codehaus.gmaven.plugin.ClassSourceFactory,create/1[java.lang.String],trimmed,3
/home/roberto/Desktop/ProgettoEQS/UseCK/./gmaven/groovy-maven-plugin/src/test/java/org/codehaus/gmaven/plugin/GroovyRuntimeFactoryTest.java,org.codehaus.gmaven.plugin.GroovyRuntimeFactoryTest$Anonymous1,findServices/1[java.lang.ClassLoader],classLoader,0
/home/roberto/Desktop/ProgettoEQS/UseCK/./gmaven/groovy-maven-plugin/src/test/java/org/codehaus/gmaven/plugin/util/VersionHelperTest.java,org.codehaus.gmaven.plugin.util.VersionHelperTest,before/0,range,2
/home/roberto/Desktop/ProgettoEQS/UseCK/./gmaven/groovy-maven-plugin/src/test/java/org/codehaus/gmaven/plugin/util/VersionHelperTest.java,org.codehaus.gmaven.plugin.util.VersionHelperTest,range/0,range,3
/home/roberto/Desktop/ProgettoEQS/UseCK/./gmaven/groovy-maven-plugin/src/main/java/org/codehaus/gmaven/plugin/util/Maps2.java,org.codehaus.gmaven.plugin.util.Maps2,fromProperties/1[java.util.Properties],result,2
/home/roberto/Desktop/ProgettoEQS/UseCK/./gmaven/groovy-maven-plugin/src/main/java/org/codehaus/gmaven/plugin/util/Maps2.java,org.codehaus.gmaven.plugin.util.Maps2,fromProperties/1[java.util.Properties],names,2
/home/roberto/Desktop/ProgettoEQS/UseCK/./gmaven/groovy-maven-plugin/src/main/java/org/codehaus/gmaven/plugin/util/Maps2.java,org.codehaus.gmaven.plugin.util.Maps2,fromProperties/1[java.util.Properties],name,2
/home/roberto/Desktop/ProgettoEQS/UseCK/./gmaven/groovy-maven-plugin/src/main/java/org/codehaus/gmaven/plugin/util/Maps2.java,org.codehaus.gmaven.plugin.util.Maps2,fromProperties/1[java.util.Properties],properties,4
/home/roberto/Desktop/ProgettoEQS/UseCK/./gmaven/groovy-maven-plugin/src/main/java/org/codehaus/gmaven/plugin/GroovyRuntimeFactory.java,org.codehaus.gmaven.plugin.GroovyRuntimeFactory,findServices/1[java.lang.ClassLoader],serviceLoader,2
/home/roberto/Desktop/ProgettoEQS/UseCK/./gmaven/groovy-maven-plugin/src/main/java/org/codehaus/gmaven/plugin/GroovyRuntimeFactory.java,org.codehaus.gmaven.plugin.GroovyRuntimeFactory,findServices/1[java.lang.ClassLoader],classLoader,1
/home/roberto/Desktop/ProgettoEQS/UseCK/./gmaven/groovy-maven-plugin/src/main/java/org/codehaus/gmaven/plugin/GroovyRuntimeFactory.java,org.codehaus.gmaven.plugin.GroovyRuntimeFactory,create/1[java.lang.ClassLoader],classLoader,2
/home/roberto/Desktop/ProgettoEQS/UseCK/./gmaven/groovy-maven-plugin/src/main/java/org/codehaus/gmaven/plugin/GroovyRuntimeFactory.java,org.codehaus.gmaven.plugin.GroovyRuntimeFactory,create/1[java.lang.ClassLoader],runtime,2
/home/roberto/Desktop/ProgettoEQS/UseCK/./gmaven/groovy-maven-plugin/src/main/java/org/codehaus/gmaven/plugin/GroovyRuntimeFactory.java,org.codehaus.gmaven.plugin.GroovyRuntimeFactory,create/1[java.lang.ClassLoader],services,3
/home/roberto/Desktop/ProgettoEQS/UseCK/./gmaven/groovy-maven-plugin/src/main/java/org/codehaus/gmaven/plugin/util/MavenVersionHelper.java,org.codehaus.gmaven.plugin.util.MavenVersionHelper,MavenVersionHelper/1[org.codehaus.gmaven.plugin.util.VersionHelper],versionHelper,2
/home/roberto/Desktop/ProgettoEQS/UseCK/./gmaven/groovy-maven-plugin/src/main/java/org/codehaus/gmaven/plugin/util/MavenVersionHelper.java,org.codehaus.gmaven.plugin.util.MavenVersionHelper,"readProperties/3[java.lang.ClassLoader,java.lang.String,java.lang.String]",classLoader,2
/home/roberto/Desktop/ProgettoEQS/UseCK/./gmaven/groovy-maven-plugin/src/main/java/org/codehaus/gmaven/plugin/util/MavenVersionHelper.java,org.codehaus.gmaven.plugin.util.MavenVersionHelper,"readProperties/3[java.lang.ClassLoader,java.lang.String,java.lang.String]",resource,3
/home/roberto/Desktop/ProgettoEQS/UseCK/./gmaven/groovy-maven-plugin/src/main/java/org/codehaus/gmaven/plugin/util/MavenVersionHelper.java,org.codehaus.gmaven.plugin.util.MavenVersionHelper,"readProperties/3[java.lang.ClassLoader,java.lang.String,java.lang.String]",stream,2
/home/roberto/Desktop/ProgettoEQS/UseCK/./gmaven/groovy-maven-plugin/src/main/java/org/codehaus/gmaven/plugin/util/MavenVersionHelper.java,org.codehaus.gmaven.plugin.util.MavenVersionHelper,"readProperties/3[java.lang.ClassLoader,java.lang.String,java.lang.String]",e,3
/home/roberto/Desktop/ProgettoEQS/UseCK/./gmaven/groovy-maven-plugin/src/main/java/org/codehaus/gmaven/plugin/util/MavenVersionHelper.java,org.codehaus.gmaven.plugin.util.MavenVersionHelper,"readProperties/3[java.lang.ClassLoader,java.lang.String,java.lang.String]",className,2
/home/roberto/Desktop/ProgettoEQS/UseCK/./gmaven/groovy-maven-plugin/src/main/java/org/codehaus/gmaven/plugin/util/MavenVersionHelper.java,org.codehaus.gmaven.plugin.util.MavenVersionHelper,"readProperties/3[java.lang.ClassLoader,java.lang.String,java.lang.String]",resourceName,2
/home/roberto/Desktop/ProgettoEQS/UseCK/./gmaven/groovy-maven-plugin/src/main/java/org/codehaus/gmaven/plugin/util/MavenVersionHelper.java,org.codehaus.gmaven.plugin.util.MavenVersionHelper,"readProperties/3[java.lang.ClassLoader,java.lang.String,java.lang.String]",type,2
/home/roberto/Desktop/ProgettoEQS/UseCK/./gmaven/groovy-maven-plugin/src/main/java/org/codehaus/gmaven/plugin/util/MavenVersionHelper.java,org.codehaus.gmaven.plugin.util.MavenVersionHelper,"readProperties/3[java.lang.ClassLoader,java.lang.String,java.lang.String]",props,2
/home/roberto/Desktop/ProgettoEQS/UseCK/./gmaven/groovy-maven-plugin/src/main/java/org/codehaus/gmaven/plugin/util/MavenVersionHelper.java,org.codehaus.gmaven.plugin.util.MavenVersionHelper,detectVersion/1[java.lang.ClassLoader],classLoader,3
/home/roberto/Desktop/ProgettoEQS/UseCK/./gmaven/groovy-maven-plugin/src/main/java/org/codehaus/gmaven/plugin/util/MavenVersionHelper.java,org.codehaus.gmaven.plugin.util.MavenVersionHelper,detectVersion/1[java.lang.ClassLoader],raw,3
/home/roberto/Desktop/ProgettoEQS/UseCK/./gmaven/groovy-maven-plugin/src/main/java/org/codehaus/gmaven/plugin/util/MavenVersionHelper.java,org.codehaus.gmaven.plugin.util.MavenVersionHelper,detectVersion/1[java.lang.ClassLoader],version,2
/home/roberto/Desktop/ProgettoEQS/UseCK/./gmaven/groovy-maven-plugin/src/main/java/org/codehaus/gmaven/plugin/util/MavenVersionHelper.java,org.codehaus.gmaven.plugin.util.MavenVersionHelper,detectVersion/1[java.lang.ClassLoader],props,1
/home/roberto/Desktop/ProgettoEQS/UseCK/./gmaven/gmaven-adapter-impl/src/main/java/org/codehaus/gmaven/adapter/impl/GroovyRuntimeImpl.java,org.codehaus.gmaven.adapter.impl.GroovyRuntimeImpl$Anonymous2,loadGroovySource/1[java.lang.String],name,1
/home/roberto/Desktop/ProgettoEQS/UseCK/./gmaven/gmaven-adapter-impl/src/main/java/org/codehaus/gmaven/adapter/impl/GroovyRuntimeImpl.java,org.codehaus.gmaven.adapter.impl.GroovyRuntimeImpl$Anonymous3,call/1[java.lang.Object[]],args,1
/home/roberto/Desktop/ProgettoEQS/UseCK/./gmaven/gmaven-adapter-impl/src/main/java/org/codehaus/gmaven/adapter/impl/GroovyRuntimeImpl.java,org.codehaus.gmaven.adapter.impl.GroovyRuntimeImpl$Anonymous3,call/1[java.lang.Object[]],e,1
/home/roberto/Desktop/ProgettoEQS/UseCK/./gmaven/groovy-maven-plugin/src/main/java/org/codehaus/gmaven/plugin/util/GroovyVersionHelper.java,org.codehaus.gmaven.plugin.util.GroovyVersionHelper,"getVersion/3[java.lang.ClassLoader,java.lang.String,java.lang.String]",result,2
/home/roberto/Desktop/ProgettoEQS/UseCK/./gmaven/groovy-maven-plugin/src/main/java/org/codehaus/gmaven/plugin/util/GroovyVersionHelper.java,org.codehaus.gmaven.plugin.util.GroovyVersionHelper,"getVersion/3[java.lang.ClassLoader,java.lang.String,java.lang.String]",classLoader,2
/home/roberto/Desktop/ProgettoEQS/UseCK/./gmaven/groovy-maven-plugin/src/main/java/org/codehaus/gmaven/plugin/util/GroovyVersionHelper.java,org.codehaus.gmaven.plugin.util.GroovyVersionHelper,"getVersion/3[java.lang.ClassLoader,java.lang.String,java.lang.String]",method,1
/home/roberto/Desktop/ProgettoEQS/UseCK/./gmaven/groovy-maven-plugin/src/main/java/org/codehaus/gmaven/plugin/util/GroovyVersionHelper.java,org.codehaus.gmaven.plugin.util.GroovyVersionHelper,"getVersion/3[java.lang.ClassLoader,java.lang.String,java.lang.String]",e,0
/home/roberto/Desktop/ProgettoEQS/UseCK/./gmaven/groovy-maven-plugin/src/main/java/org/codehaus/gmaven/plugin/util/GroovyVersionHelper.java,org.codehaus.gmaven.plugin.util.GroovyVersionHelper,"getVersion/3[java.lang.ClassLoader,java.lang.String,java.lang.String]",methodName,2
/home/roberto/Desktop/ProgettoEQS/UseCK/./gmaven/groovy-maven-plugin/src/main/java/org/codehaus/gmaven/plugin/util/GroovyVersionHelper.java,org.codehaus.gmaven.plugin.util.GroovyVersionHelper,"getVersion/3[java.lang.ClassLoader,java.lang.String,java.lang.String]",className,3
/home/roberto/Desktop/ProgettoEQS/UseCK/./gmaven/groovy-maven-plugin/src/main/java/org/codehaus/gmaven/plugin/util/GroovyVersionHelper.java,org.codehaus.gmaven.plugin.util.GroovyVersionHelper,"getVersion/3[java.lang.ClassLoader,java.lang.String,java.lang.String]",type,1
/home/roberto/Desktop/ProgettoEQS/UseCK/./gmaven/groovy-maven-plugin/src/main/java/org/codehaus/gmaven/plugin/util/GroovyVersionHelper.java,org.codehaus.gmaven.plugin.util.GroovyVersionHelper,detectVersion/1[java.lang.ClassLoader],classLoader,4
/home/roberto/Desktop/ProgettoEQS/UseCK/./gmaven/groovy-maven-plugin/src/main/java/org/codehaus/gmaven/plugin/util/GroovyVersionHelper.java,org.codehaus.gmaven.plugin.util.GroovyVersionHelper,detectVersion/1[java.lang.ClassLoader],raw,5
/home/roberto/Desktop/ProgettoEQS/UseCK/./gmaven/groovy-maven-plugin/src/main/java/org/codehaus/gmaven/plugin/util/GroovyVersionHelper.java,org.codehaus.gmaven.plugin.util.GroovyVersionHelper,detectVersion/1[java.lang.ClassLoader],version,2
/home/roberto/Desktop/ProgettoEQS/UseCK/./gmaven/groovy-maven-plugin/src/main/java/org/codehaus/gmaven/plugin/util/GroovyVersionHelper.java,org.codehaus.gmaven.plugin.util.GroovyVersionHelper,GroovyVersionHelper/1[org.codehaus.gmaven.plugin.util.VersionHelper],versionHelper,2
/home/roberto/Desktop/ProgettoEQS/UseCK/./gmaven/gmaven-adapter-api/src/main/java/org/codehaus/gmaven/adapter/ScriptExecutor.java,org.codehaus.gmaven.adapter.ScriptExecutor,"execute/5[org.codehaus.gmaven.adapter.ClassSource,java.lang.ClassLoader,org.codehaus.gmaven.adapter.ResourceLoader,java.util.Map<java.lang.String,java.lang.Object>,java.util.Map<java.lang.String,java.lang.Object>]",classLoader,0
/home/roberto/Desktop/ProgettoEQS/UseCK/./gmaven/gmaven-adapter-api/src/main/java/org/codehaus/gmaven/adapter/ScriptExecutor.java,org.codehaus.gmaven.adapter.ScriptExecutor,"execute/5[org.codehaus.gmaven.adapter.ClassSource,java.lang.ClassLoader,org.codehaus.gmaven.adapter.ResourceLoader,java.util.Map<java.lang.String,java.lang.Object>,java.util.Map<java.lang.String,java.lang.Object>]",classSource,0
/home/roberto/Desktop/ProgettoEQS/UseCK/./gmaven/gmaven-adapter-api/src/main/java/org/codehaus/gmaven/adapter/ScriptExecutor.java,org.codehaus.gmaven.adapter.ScriptExecutor,"execute/5[org.codehaus.gmaven.adapter.ClassSource,java.lang.ClassLoader,org.codehaus.gmaven.adapter.ResourceLoader,java.util.Map<java.lang.String,java.lang.Object>,java.util.Map<java.lang.String,java.lang.Object>]",context,0
/home/roberto/Desktop/ProgettoEQS/UseCK/./gmaven/gmaven-adapter-api/src/main/java/org/codehaus/gmaven/adapter/ScriptExecutor.java,org.codehaus.gmaven.adapter.ScriptExecutor,"execute/5[org.codehaus.gmaven.adapter.ClassSource,java.lang.ClassLoader,org.codehaus.gmaven.adapter.ResourceLoader,java.util.Map<java.lang.String,java.lang.Object>,java.util.Map<java.lang.String,java.lang.Object>]",options,0
/home/roberto/Desktop/ProgettoEQS/UseCK/./gmaven/gmaven-adapter-api/src/main/java/org/codehaus/gmaven/adapter/ScriptExecutor.java,org.codehaus.gmaven.adapter.ScriptExecutor,"execute/5[org.codehaus.gmaven.adapter.ClassSource,java.lang.ClassLoader,org.codehaus.gmaven.adapter.ResourceLoader,java.util.Map<java.lang.String,java.lang.Object>,java.util.Map<java.lang.String,java.lang.Object>]",resourceLoader,0
/home/roberto/Desktop/ProgettoEQS/UseCK/./gmaven/gmaven-adapter-impl/src/main/java/org/codehaus/gmaven/adapter/impl/GroovyRuntimeImpl.java,org.codehaus.gmaven.adapter.impl.GroovyRuntimeImpl,createMagicContextValue/1[org.codehaus.gmaven.adapter.MagicContext],magic,3
/home/roberto/Desktop/ProgettoEQS/UseCK/./gmaven/gmaven-adapter-impl/src/main/java/org/codehaus/gmaven/adapter/impl/GroovyRuntimeImpl.java,org.codehaus.gmaven.adapter.impl.GroovyRuntimeImpl,createMagicContextValue/1[org.codehaus.gmaven.adapter.MagicContext],ant,2
/home/roberto/Desktop/ProgettoEQS/UseCK/./gmaven/gmaven-adapter-impl/src/main/java/org/codehaus/gmaven/adapter/impl/GroovyRuntimeImpl.java,org.codehaus.gmaven.adapter.impl.GroovyRuntimeImpl,createMagicContextValue/1[org.codehaus.gmaven.adapter.MagicContext],obj,2
/home/roberto/Desktop/ProgettoEQS/UseCK/./gmaven/gmaven-adapter-impl/src/main/java/org/codehaus/gmaven/adapter/impl/GroovyRuntimeImpl.java,org.codehaus.gmaven.adapter.impl.GroovyRuntimeImpl,createMagicContextValue/1[org.codehaus.gmaven.adapter.MagicContext],logger,1
/home/roberto/Desktop/ProgettoEQS/UseCK/./gmaven/gmaven-adapter-impl/src/main/java/org/codehaus/gmaven/adapter/impl/GroovyRuntimeImpl.java,org.codehaus.gmaven.adapter.impl.GroovyRuntimeImpl,"createGroovyClassLoader/2[java.lang.ClassLoader,org.codehaus.gmaven.adapter.ResourceLoader]",classLoader,0
/home/roberto/Desktop/ProgettoEQS/UseCK/./gmaven/gmaven-adapter-impl/src/main/java/org/codehaus/gmaven/adapter/impl/GroovyRuntimeImpl.java,org.codehaus.gmaven.adapter.impl.GroovyRuntimeImpl,"createGroovyClassLoader/2[java.lang.ClassLoader,org.codehaus.gmaven.adapter.ResourceLoader]",resourceLoader,0
/home/roberto/Desktop/ProgettoEQS/UseCK/./gmaven/gmaven-adapter-impl/src/main/java/org/codehaus/gmaven/adapter/impl/GroovyRuntimeImpl.java,org.codehaus.gmaven.adapter.impl.GroovyRuntimeImpl,createGroovyResourceLoader/1[org.codehaus.gmaven.adapter.ResourceLoader],resourceLoader,1
/home/roberto/Desktop/ProgettoEQS/UseCK/./gmaven/gmaven-adapter-impl/src/main/java/org/codehaus/gmaven/adapter/impl/GroovyRuntimeImpl.java,org.codehaus.gmaven.adapter.impl.GroovyRuntimeImpl,createGroovyCodeSource/1[org.codehaus.gmaven.adapter.ClassSource],inline,3
/home/roberto/Desktop/ProgettoEQS/UseCK/./gmaven/gmaven-adapter-impl/src/main/java/org/codehaus/gmaven/adapter/impl/GroovyRuntimeImpl.java,org.codehaus.gmaven.adapter.impl.GroovyRuntimeImpl,createGroovyCodeSource/1[org.codehaus.gmaven.adapter.ClassSource],source,8
/home/roberto/Desktop/ProgettoEQS/UseCK/./gmaven/gmaven-adapter-impl/src/main/java/org/codehaus/gmaven/adapter/impl/GroovyRuntimeImpl.java,org.codehaus.gmaven.adapter.impl.GroovyRuntimeImpl,"createClosure/2[java.lang.Object,org.codehaus.gmaven.adapter.ClosureTarget]",owner,2
/home/roberto/Desktop/ProgettoEQS/UseCK/./gmaven/gmaven-adapter-impl/src/main/java/org/codehaus/gmaven/adapter/impl/GroovyRuntimeImpl.java,org.codehaus.gmaven.adapter.impl.GroovyRuntimeImpl,"createClosure/2[java.lang.Object,org.codehaus.gmaven.adapter.ClosureTarget]",target,1
/home/roberto/Desktop/ProgettoEQS/UseCK/./gmaven/gmaven-adapter-impl/src/main/java/org/codehaus/gmaven/adapter/impl/GroovyRuntimeImpl.java,org.codehaus.gmaven.adapter.impl.GroovyRuntimeImpl,"createBinding/1[java.util.Map<java.lang.String,java.lang.Object>]",entry,3
/home/roberto/Desktop/ProgettoEQS/UseCK/./gmaven/gmaven-adapter-impl/src/main/java/org/codehaus/gmaven/adapter/impl/GroovyRuntimeImpl.java,org.codehaus.gmaven.adapter.impl.GroovyRuntimeImpl,"createBinding/1[java.util.Map<java.lang.String,java.lang.Object>]",context,1
/home/roberto/Desktop/ProgettoEQS/UseCK/./gmaven/gmaven-adapter-impl/src/main/java/org/codehaus/gmaven/adapter/impl/GroovyRuntimeImpl.java,org.codehaus.gmaven.adapter.impl.GroovyRuntimeImpl,"createBinding/1[java.util.Map<java.lang.String,java.lang.Object>]",binding,2
/home/roberto/Desktop/ProgettoEQS/UseCK/./gmaven/gmaven-adapter-impl/src/main/java/org/codehaus/gmaven/adapter/impl/GroovyRuntimeImpl.java,org.codehaus.gmaven.adapter.impl.GroovyRuntimeImpl,"createBinding/1[java.util.Map<java.lang.String,java.lang.Object>]",value,8
/home/roberto/Desktop/ProgettoEQS/UseCK/./gmaven/gmaven-adapter-impl/src/main/java/org/codehaus/gmaven/adapter/impl/GroovyRuntimeImpl.java,org.codehaus.gmaven.adapter.impl.GroovyRuntimeImpl,"createBinding/1[java.util.Map<java.lang.String,java.lang.Object>]",key,1
/home/roberto/Desktop/ProgettoEQS/UseCK/./gmaven/groovy-maven-plugin/src/main/java/org/codehaus/gmaven/plugin/ClassSourceFactory.java,org.codehaus.gmaven.plugin.ClassSourceFactory$ClassSourceImpl,"ClassSourceImpl/3[java.net.URL,java.io.File,org.codehaus.gmaven.adapter.ClassSource.Inline]",file,2
/home/roberto/Desktop/ProgettoEQS/UseCK/./gmaven/groovy-maven-plugin/src/main/java/org/codehaus/gmaven/plugin/ClassSourceFactory.java,org.codehaus.gmaven.plugin.ClassSourceFactory$ClassSourceImpl,"ClassSourceImpl/3[java.net.URL,java.io.File,org.codehaus.gmaven.adapter.ClassSource.Inline]",inline,2
/home/roberto/Desktop/ProgettoEQS/UseCK/./gmaven/groovy-maven-plugin/src/main/java/org/codehaus/gmaven/plugin/ClassSourceFactory.java,org.codehaus.gmaven.plugin.ClassSourceFactory$ClassSourceImpl,"ClassSourceImpl/3[java.net.URL,java.io.File,org.codehaus.gmaven.adapter.ClassSource.Inline]",url,2
/home/roberto/Desktop/ProgettoEQS/UseCK/./gmaven/gmaven-adapter-impl/src/main/java/org/codehaus/gmaven/adapter/impl/GroovyRuntimeImpl.java,org.codehaus.gmaven.adapter.impl.GroovyRuntimeImpl$Anonymous1,run/0,gcl,2
