file,class,type,cbo,cboModified,fanin,fanout,wmc,dit,noc,rfc,lcom,lcom*,tcc,lcc,totalMethodsQty,staticMethodsQty,publicMethodsQty,privateMethodsQty,protectedMethodsQty,defaultMethodsQty,visibleMethodsQty,abstractMethodsQty,finalMethodsQty,synchronizedMethodsQty,totalFieldsQty,staticFieldsQty,publicFieldsQty,privateFieldsQty,protectedFieldsQty,defaultFieldsQty,finalFieldsQty,synchronizedFieldsQty,nosi,loc,returnQty,loopQty,comparisonsQty,tryCatchQty,parenthesizedExpsQty,stringLiteralsQty,numbersQty,assignmentsQty,mathOperationsQty,variablesQty,maxNestedBlocksQty,anonymousClassesQty,innerClassesQty,lambdasQty,uniqueWordsQty,modifiers,logStatementsQty
/home/roberto/Desktop/ProgettoEQS/UseCK/./gmaven/groovy-maven-plugin/src/main/java/org/codehaus/gmaven/plugin/ClassSourceFactory.java,org.codehaus.gmaven.plugin.ClassSourceFactory$InlineImpl,innerclass,1,1,0,1,5,1,0,3,0,0.4,0.5,1.0,5,0,4,1,0,0,4,0,0,0,3,0,0,3,0,0,3,0,0,22,4,0,0,0,0,7,0,3,2,3,0,0,0,0,16,26,0
/home/roberto/Desktop/ProgettoEQS/UseCK/./gmaven/groovy-maven-plugin/src/test/java/org/codehaus/gmaven/plugin/GroovyRuntimeFactoryTest.java,org.codehaus.gmaven.plugin.GroovyRuntimeFactoryTest,class,6,6,0,6,4,2,0,7,0,0.16666667,1.0,1.0,4,0,4,0,0,0,4,0,0,0,3,0,0,3,0,0,0,0,0,29,0,0,0,0,0,0,0,3,0,4,0,1,0,0,55,1,0
/home/roberto/Desktop/ProgettoEQS/UseCK/./gmaven/gmaven-adapter-api/src/main/java/org/codehaus/gmaven/adapter/ConsoleWindow.java,org.codehaus.gmaven.adapter.ConsoleWindow,interface,3,8,5,3,1,1,0,0,0,0.0,NaN,NaN,1,0,0,0,0,1,1,0,0,0,0,0,0,0,0,0,0,0,0,7,0,0,0,0,0,1,0,0,0,0,0,0,1,0,14,1,0
/home/roberto/Desktop/ProgettoEQS/UseCK/./gmaven/groovy-maven-plugin/src/test/java/org/codehaus/gmaven/plugin/util/SystemNoExitGuardTest.java,org.codehaus.gmaven.plugin.util.SystemNoExitGuardTest$Anonymous2$Anonymous3,anonymous,0,0,0,0,1,1,0,1,0,0.0,NaN,NaN,1,0,1,0,0,0,1,0,0,0,0,0,0,0,0,0,0,0,0,6,0,0,0,0,0,0,0,0,0,0,0,0,0,0,2,-1,0
/home/roberto/Desktop/ProgettoEQS/UseCK/./gmaven/groovy-maven-plugin/src/main/java/org/codehaus/gmaven/plugin/util/PropertiesBuilder.java,org.codehaus.gmaven.plugin.util.PropertiesBuilder,class,9,13,4,9,16,1,0,25,5,0.6666667,0.4,1.0,6,0,5,1,0,0,5,0,0,0,5,0,0,5,0,0,1,0,1,73,6,2,5,1,0,6,0,13,0,11,3,0,0,0,43,1,5
/home/roberto/Desktop/ProgettoEQS/UseCK/./gmaven/groovy-maven-plugin/src/test/java/org/codehaus/gmaven/plugin/ClassSourceFactoryTest.java,org.codehaus.gmaven.plugin.ClassSourceFactoryTest,class,7,8,1,7,13,2,0,21,46,0.5833333,0.035714287,0.035714287,12,0,8,4,0,0,8,0,0,0,1,0,0,1,0,0,0,0,0,64,1,0,1,0,0,8,3,4,1,4,0,0,0,0,33,1,0
/home/roberto/Desktop/ProgettoEQS/UseCK/./gmaven/gmaven-adapter-impl/src/main/java/org/codehaus/gmaven/adapter/impl/ConsoleWindowImpl.java,org.codehaus.gmaven.adapter.impl.ConsoleWindowImpl,class,11,13,2,11,4,1,0,8,1,0.6666667,1.0,1.0,3,0,1,1,0,1,2,0,0,0,3,0,0,3,0,0,3,0,0,54,1,0,1,0,0,2,0,6,0,6,1,2,0,0,32,1,2
/home/roberto/Desktop/ProgettoEQS/UseCK/./gmaven/gmaven-adapter-impl/src/main/java/org/codehaus/gmaven/adapter/impl/ShellRunnerImpl.java,org.codehaus.gmaven.adapter.impl.ShellRunnerImpl,class,10,12,2,10,4,1,0,9,1,0.5,1.0,1.0,3,0,1,1,0,1,2,0,0,0,2,0,0,2,0,0,2,0,0,27,0,0,1,1,0,1,0,5,0,5,1,0,0,0,32,1,1
/home/roberto/Desktop/ProgettoEQS/UseCK/./gmaven/groovy-maven-plugin/src/test/java/org/codehaus/gmaven/plugin/util/PropertiesBuilderTest.java,org.codehaus.gmaven.plugin.util.PropertiesBuilderTest,class,4,4,0,4,3,2,0,6,0,0.0,1.0,1.0,3,0,3,0,0,0,3,0,0,0,1,0,0,1,0,0,0,0,0,18,0,0,0,0,0,12,0,3,0,3,0,0,0,0,17,1,0
/home/roberto/Desktop/ProgettoEQS/UseCK/./gmaven/gmaven-adapter-api/src/main/java/org/codehaus/gmaven/adapter/ResourceLoader.java,org.codehaus.gmaven.adapter.ResourceLoader,interface,1,13,12,1,1,1,0,0,0,0.0,NaN,NaN,1,0,0,0,0,1,1,0,0,0,0,0,0,0,0,0,0,0,0,3,0,0,0,0,0,1,0,0,0,0,0,0,0,0,13,1,0
/home/roberto/Desktop/ProgettoEQS/UseCK/./gmaven/gmaven-adapter-impl/src/main/java/org/codehaus/gmaven/adapter/impl/ConsoleWindowImpl.java,org.codehaus.gmaven.adapter.impl.ConsoleWindowImpl$Anonymous2,anonymous,1,1,0,1,3,1,0,5,3,0.0,0.0,0.0,3,0,2,1,0,0,2,0,0,0,0,0,0,0,0,0,0,0,0,17,0,0,0,0,0,2,0,0,0,0,1,0,0,0,6,-1,2
/home/roberto/Desktop/ProgettoEQS/UseCK/./gmaven/groovy-maven-plugin/src/main/java/org/codehaus/gmaven/plugin/util/SystemNoExitGuard.java,org.codehaus.gmaven.plugin.util.SystemNoExitGuard$Task,interface,0,0,0,0,1,1,0,0,0,0.0,NaN,NaN,1,0,0,0,0,1,1,0,0,0,0,0,0,0,0,0,0,0,0,3,0,0,0,0,0,0,0,0,0,0,0,0,0,0,7,1,0
/home/roberto/Desktop/ProgettoEQS/UseCK/./gmaven/gmaven-adapter-impl/src/main/java/org/codehaus/gmaven/adapter/impl/ConsoleWindowImpl.java,org.codehaus.gmaven.adapter.impl.ConsoleWindowImpl$Anonymous1,anonymous,0,0,0,0,1,1,0,2,0,0.0,NaN,NaN,1,0,1,0,0,0,1,0,0,0,0,0,0,0,0,0,0,0,0,12,0,0,0,1,0,0,0,0,0,0,2,0,0,0,5,-1,0
/home/roberto/Desktop/ProgettoEQS/UseCK/./gmaven/groovy-maven-plugin/src/main/java/org/codehaus/gmaven/plugin/MojoSupport.java,org.codehaus.gmaven.plugin.MojoSupport,class,5,9,4,5,6,2,3,8,8,0.6,0.1,0.1,5,0,1,0,4,0,5,1,0,0,1,0,0,0,1,0,1,0,0,30,0,0,0,2,0,5,0,1,0,1,2,0,0,0,14,1025,5
/home/roberto/Desktop/ProgettoEQS/UseCK/./gmaven/gmaven-testsuite/src/test/java/org/codehaus/gmaven/testsuite/suite/Maven31x_Groovy215_SuiteIT.java,org.codehaus.gmaven.testsuite.suite.Maven31x_Groovy215_SuiteIT,class,4,4,0,4,1,2,0,2,0,0.0,NaN,NaN,1,1,1,0,0,0,1,0,0,0,0,0,0,0,0,0,0,0,2,6,0,0,0,0,0,2,0,0,0,0,0,0,0,0,17,1,0
/home/roberto/Desktop/ProgettoEQS/UseCK/./gmaven/gmaven-testsuite/src/test/java/org/codehaus/gmaven/testsuite/ITSupport.java,org.codehaus.gmaven.testsuite.ITSupport,class,11,15,4,11,18,2,3,48,71,0.8869047,0.33333334,0.71428573,14,0,2,7,5,0,7,0,0,0,12,3,5,7,0,0,5,0,9,115,11,1,3,1,0,44,0,27,3,26,2,0,0,0,143,1025,0
/home/roberto/Desktop/ProgettoEQS/UseCK/./gmaven/gmaven-adapter-api/src/main/java/org/codehaus/gmaven/adapter/ClosureTarget.java,org.codehaus.gmaven.adapter.ClosureTarget,interface,1,4,3,1,1,1,0,0,0,0.0,NaN,NaN,1,0,0,0,0,1,1,0,0,0,0,0,0,0,0,0,0,0,0,3,0,0,0,0,0,1,0,0,0,0,0,0,0,0,8,1,0
/home/roberto/Desktop/ProgettoEQS/UseCK/./gmaven/groovy-maven-plugin/src/test/java/org/codehaus/gmaven/plugin/MojoSupportTest.java,org.codehaus.gmaven.plugin.MojoSupportTest$Anonymous1,anonymous,0,0,0,0,1,1,0,0,0,0.0,NaN,NaN,1,0,0,0,1,0,1,0,0,0,0,0,0,0,0,0,0,0,0,5,0,0,0,0,0,1,0,0,0,0,0,0,0,0,2,-1,0
/home/roberto/Desktop/ProgettoEQS/UseCK/./gmaven/groovy-maven-plugin/src/main/java/org/codehaus/gmaven/plugin/MojoResourceLoader.java,org.codehaus.gmaven.plugin.MojoResourceLoader,class,3,6,3,3,12,2,0,11,0,0.16666667,1.0,1.0,3,0,2,0,1,0,3,0,0,0,2,0,0,2,0,0,2,0,0,43,4,1,5,0,0,1,1,9,0,8,3,0,0,0,24,1,0
/home/roberto/Desktop/ProgettoEQS/UseCK/./gmaven/gmaven-adapter-api/src/main/java/org/codehaus/gmaven/adapter/ShellRunner.java,org.codehaus.gmaven.adapter.ShellRunner,interface,2,7,5,2,1,1,0,0,0,0.0,NaN,NaN,1,0,0,0,0,1,1,0,0,0,0,0,0,0,0,0,0,0,0,3,0,0,0,0,0,1,0,0,0,0,0,0,0,0,14,1,0
/home/roberto/Desktop/ProgettoEQS/UseCK/./gmaven/groovy-maven-plugin/src/test/java/org/codehaus/gmaven/plugin/FailClosureTargetTest.java,org.codehaus.gmaven.plugin.FailClosureTargetTest,class,4,4,0,4,13,2,0,6,0,0.0,1.0,1.0,8,0,8,0,0,0,8,0,0,0,1,0,0,1,0,0,0,0,0,57,0,0,0,5,0,9,6,3,0,3,1,0,0,0,38,1,0
/home/roberto/Desktop/ProgettoEQS/UseCK/./gmaven/groovy-maven-plugin/src/test/java/org/codehaus/gmaven/plugin/util/SystemNoExitGuardTest.java,org.codehaus.gmaven.plugin.util.SystemNoExitGuardTest$Anonymous4$Anonymous5,anonymous,0,0,0,0,1,1,0,1,0,0.0,NaN,NaN,1,0,1,0,0,0,1,0,0,0,0,0,0,0,0,0,0,0,0,6,0,0,0,0,0,0,0,0,0,0,0,0,0,0,2,-1,0
/home/roberto/Desktop/ProgettoEQS/UseCK/./gmaven/gmaven-adapter-impl/src/main/java/org/codehaus/gmaven/adapter/impl/ScriptExecutorImpl.java,org.codehaus.gmaven.adapter.impl.ScriptExecutorImpl,class,12,14,2,12,4,1,0,10,1,0.5,1.0,1.0,3,0,1,1,0,1,2,0,0,0,2,0,0,2,0,0,2,0,0,30,1,0,1,1,0,1,0,7,0,7,1,0,0,0,37,1,1
/home/roberto/Desktop/ProgettoEQS/UseCK/./gmaven/groovy-maven-plugin/src/test/java/org/codehaus/gmaven/plugin/ClasspathScopeTest.java,org.codehaus.gmaven.plugin.ClasspathScopeTest,class,3,3,0,3,5,2,0,3,10,0.0,0.0,0.0,5,0,5,0,0,0,5,0,0,0,0,0,0,0,0,0,0,0,0,42,0,0,0,0,0,0,0,5,0,5,0,0,0,0,16,1,0
/home/roberto/Desktop/ProgettoEQS/UseCK/./gmaven/gmaven-testsuite/src/test/java/org/codehaus/gmaven/testsuite/MavenVerifier.java,org.codehaus.gmaven.testsuite.MavenVerifier,class,2,7,5,2,8,1,0,8,0,0.0,1.0,1.0,7,0,7,0,0,0,7,0,0,0,1,0,0,1,0,0,1,0,1,32,6,1,0,0,0,1,0,1,1,1,1,0,0,0,29,1,0
/home/roberto/Desktop/ProgettoEQS/UseCK/./gmaven/groovy-maven-plugin/src/main/java/org/codehaus/gmaven/plugin/util/ContainerHelper.java,org.codehaus.gmaven.plugin.util.ContainerHelper,class,6,8,2,6,6,1,0,5,0,0.25,0.6666667,0.6666667,6,0,6,0,0,0,6,0,0,0,2,0,0,2,0,0,1,0,0,39,4,0,0,0,0,9,0,6,0,6,0,0,0,0,21,1,8
/home/roberto/Desktop/ProgettoEQS/UseCK/./gmaven/gmaven-adapter-api/src/main/java/org/codehaus/gmaven/adapter/MagicContext.java,org.codehaus.gmaven.adapter.MagicContext,enum,0,1,1,0,0,1,0,0,0,0.0,-1.0,-1.0,0,0,0,0,0,0,0,0,0,0,0,0,0,0,0,0,0,0,0,2,0,0,0,0,0,1,0,0,0,0,0,0,0,0,21,1,0
/home/roberto/Desktop/ProgettoEQS/UseCK/./gmaven/gmaven-testsuite/src/test/java/org/codehaus/gmaven/testsuite/tests/Scriptpath.java,org.codehaus.gmaven.testsuite.tests.Scriptpath,class,4,5,1,4,4,3,0,10,6,0.0,0.0,0.0,4,0,3,1,0,0,3,0,0,0,0,0,0,0,0,0,0,0,0,14,1,0,0,0,0,15,0,0,0,0,0,0,0,0,17,1,0
/home/roberto/Desktop/ProgettoEQS/UseCK/./gmaven/groovy-maven-plugin/src/main/java/org/codehaus/gmaven/plugin/FailClosureTarget.java,org.codehaus.gmaven.plugin.FailClosureTarget,class,4,6,2,4,7,1,0,2,0,0.0,NaN,NaN,1,0,1,0,0,0,1,0,0,0,1,1,0,0,0,1,1,0,2,28,0,0,4,0,0,3,9,2,0,2,2,0,0,0,48,1,0
/home/roberto/Desktop/ProgettoEQS/UseCK/./gmaven/groovy-maven-plugin/src/main/java/org/codehaus/gmaven/plugin/util/NoExitSecurityManager.java,org.codehaus.gmaven.plugin.util.NoExitSecurityManager,class,2,5,3,2,8,2,0,4,4,0.5,0.33333334,0.33333334,4,0,3,1,0,0,3,0,0,0,1,0,0,1,0,0,1,0,0,24,1,0,3,0,0,2,0,2,0,2,1,0,0,0,24,1,0
/home/roberto/Desktop/ProgettoEQS/UseCK/./gmaven/groovy-maven-plugin/src/test/java/org/codehaus/gmaven/plugin/util/SystemNoExitGuardTest.java,org.codehaus.gmaven.plugin.util.SystemNoExitGuardTest,class,4,4,0,4,2,2,0,8,1,0.0,0.0,0.0,2,0,2,0,0,0,2,0,0,0,0,0,0,0,0,0,0,0,2,67,0,0,0,0,0,0,2,9,0,9,0,3,0,0,75,1,0
/home/roberto/Desktop/ProgettoEQS/UseCK/./gmaven/groovy-maven-plugin/src/main/java/org/codehaus/gmaven/plugin/BasicResourceLoader.java,org.codehaus.gmaven.plugin.BasicResourceLoader,class,4,6,2,4,7,1,1,12,0,0.5833333,0.5,0.5,4,0,2,0,2,0,4,0,0,0,3,1,0,0,3,0,3,0,1,35,3,0,1,0,0,6,0,12,1,7,1,0,0,0,34,1,3
/home/roberto/Desktop/ProgettoEQS/UseCK/./gmaven/gmaven-testsuite/src/test/java/org/codehaus/gmaven/testsuite/suite/SuiteSupport.java,org.codehaus.gmaven.testsuite.suite.SuiteSupport,class,3,7,4,3,2,1,4,1,1,0.0,0.0,0.0,2,2,0,0,2,0,2,0,0,0,0,0,0,0,0,0,0,0,2,8,0,0,0,0,0,2,0,0,0,0,0,0,0,0,7,1025,0
/home/roberto/Desktop/ProgettoEQS/UseCK/./gmaven/gmaven-adapter-api/src/main/java/org/codehaus/gmaven/adapter/GroovyRuntime.java,org.codehaus.gmaven.adapter.GroovyRuntime,interface,3,11,8,3,4,1,0,0,6,0.0,0.0,0.0,4,0,0,0,0,4,4,0,0,0,0,0,0,0,0,0,0,0,0,6,0,0,0,0,0,0,0,0,0,0,0,0,0,0,14,1,0
/home/roberto/Desktop/ProgettoEQS/UseCK/./gmaven/groovy-maven-plugin/src/test/java/org/codehaus/gmaven/plugin/MojoSupportTest.java,org.codehaus.gmaven.plugin.MojoSupportTest$MojoSupportTester,innerclass,1,1,0,1,3,3,0,1,3,0.0,0.0,0.0,3,0,0,0,3,0,3,0,0,0,0,0,0,0,0,0,0,0,0,11,0,0,0,0,0,0,0,0,0,0,0,0,0,0,7,2,0
/home/roberto/Desktop/ProgettoEQS/UseCK/./gmaven/groovy-maven-plugin/src/main/java/org/codehaus/gmaven/plugin/ClasspathScope.java,org.codehaus.gmaven.plugin.ClasspathScope,enum,1,4,3,1,5,1,0,3,1,0.33333334,0.0,0.0,3,0,2,1,0,0,2,0,0,0,1,0,0,1,0,0,1,0,0,17,4,0,1,0,0,1,0,1,0,1,1,0,0,0,15,1,0
/home/roberto/Desktop/ProgettoEQS/UseCK/./gmaven/groovy-maven-plugin/src/main/java/org/codehaus/gmaven/plugin/util/SystemNoExitGuard.java,org.codehaus.gmaven.plugin.util.SystemNoExitGuard,class,4,11,7,4,1,1,0,4,0,0.5,NaN,NaN,1,0,1,0,0,0,1,0,0,0,2,2,0,2,0,0,2,0,0,62,0,0,0,1,0,0,0,2,0,2,1,0,2,0,26,1,0
/home/roberto/Desktop/ProgettoEQS/UseCK/./gmaven/groovy-maven-plugin/src/test/java/org/codehaus/gmaven/plugin/util/SystemNoExitGuardTest.java,org.codehaus.gmaven.plugin.util.SystemNoExitGuardTest$Anonymous4,anonymous,2,2,0,2,2,1,0,2,0,0.0,NaN,NaN,1,0,1,0,0,0,1,0,0,0,0,0,0,0,0,0,0,0,0,16,0,0,0,1,0,0,0,0,0,0,1,1,0,0,8,-1,0
/home/roberto/Desktop/ProgettoEQS/UseCK/./gmaven/groovy-maven-plugin/src/main/java/org/codehaus/gmaven/plugin/util/VersionHelper.java,org.codehaus.gmaven.plugin.util.VersionHelper,class,9,14,5,9,17,1,0,12,7,0.6666667,0.33333334,0.33333334,7,0,7,0,0,0,7,0,0,0,3,1,1,2,0,0,3,0,0,69,5,3,3,2,0,12,9,8,4,8,2,0,0,0,62,1,2
/home/roberto/Desktop/ProgettoEQS/UseCK/./gmaven/groovy-maven-plugin/src/test/java/org/codehaus/gmaven/plugin/util/SystemNoExitGuardTest.java,org.codehaus.gmaven.plugin.util.SystemNoExitGuardTest$Anonymous1,anonymous,0,0,0,0,1,1,0,3,0,0.0,NaN,NaN,1,0,1,0,0,0,1,0,0,0,0,0,0,0,0,0,0,0,3,7,0,0,0,0,0,0,0,0,0,0,0,0,0,0,9,-1,0
/home/roberto/Desktop/ProgettoEQS/UseCK/./gmaven/groovy-maven-plugin/src/test/java/org/codehaus/gmaven/plugin/util/SystemNoExitGuardTest.java,org.codehaus.gmaven.plugin.util.SystemNoExitGuardTest$Anonymous2,anonymous,2,2,0,2,2,1,0,2,0,0.0,NaN,NaN,1,0,1,0,0,0,1,0,0,0,0,0,0,0,0,0,0,0,0,16,0,0,0,1,0,0,0,0,0,0,1,1,0,0,8,-1,0
/home/roberto/Desktop/ProgettoEQS/UseCK/./gmaven/groovy-maven-plugin/src/main/java/org/codehaus/gmaven/plugin/ConsoleMojo.java,org.codehaus.gmaven.plugin.ConsoleMojo,class,8,8,0,8,1,4,0,7,0,0.0,NaN,NaN,1,0,0,0,1,0,1,0,0,0,0,0,0,0,0,0,0,0,0,15,0,0,0,0,0,1,0,4,0,4,0,1,0,0,30,1,0
/home/roberto/Desktop/ProgettoEQS/UseCK/./gmaven/gmaven-testsuite/src/test/java/org/codehaus/gmaven/testsuite/tests/ExecuteBasics.java,org.codehaus.gmaven.testsuite.tests.ExecuteBasics,class,4,6,2,4,7,3,0,14,21,0.0,0.0,0.0,7,0,5,2,0,0,5,0,0,0,0,0,0,0,0,0,0,0,0,25,2,0,0,0,0,14,0,2,1,2,0,0,0,0,44,1,0
/home/roberto/Desktop/ProgettoEQS/UseCK/./gmaven/groovy-maven-plugin/src/main/java/org/codehaus/gmaven/plugin/RuntimeMojoSupport.java,org.codehaus.gmaven.plugin.RuntimeMojoSupport,class,23,30,7,23,32,3,3,54,34,0.8461538,0.2857143,0.47619048,13,0,0,6,7,0,7,0,0,0,17,0,0,17,0,0,0,0,2,152,7,2,8,1,0,29,2,19,2,27,4,0,0,0,131,1025,9
/home/roberto/Desktop/ProgettoEQS/UseCK/./gmaven/groovy-maven-plugin/src/main/java/org/codehaus/gmaven/plugin/ConsoleMojo.java,org.codehaus.gmaven.plugin.ConsoleMojo$Anonymous1,anonymous,3,3,0,3,1,1,0,3,0,0.0,NaN,NaN,1,0,1,0,0,0,1,0,0,0,0,0,0,0,0,0,0,0,0,6,0,0,0,0,0,0,0,1,0,1,0,0,0,0,8,-1,0
/home/roberto/Desktop/ProgettoEQS/UseCK/./gmaven/gmaven-testsuite/src/test/java/org/codehaus/gmaven/testsuite/tests/PropertyResolution.java,org.codehaus.gmaven.testsuite.tests.PropertyResolution,class,5,7,2,5,10,3,0,11,45,0.0,0.0,0.0,10,0,7,3,0,0,7,0,0,0,0,0,0,0,0,0,0,0,0,32,1,0,0,0,0,13,0,0,0,0,0,0,0,0,29,1,0
/home/roberto/Desktop/ProgettoEQS/UseCK/./gmaven/gmaven-testsuite/src/test/java/org/codehaus/gmaven/testsuite/suite/Maven305_Groovy206_SuiteIT.java,org.codehaus.gmaven.testsuite.suite.Maven305_Groovy206_SuiteIT,class,4,4,0,4,1,2,0,2,0,0.0,NaN,NaN,1,1,1,0,0,0,1,0,0,0,0,0,0,0,0,0,0,0,2,6,0,0,0,0,0,2,0,0,0,0,0,0,0,0,16,1,0
/home/roberto/Desktop/ProgettoEQS/UseCK/./gmaven/gmaven-adapter-api/src/main/java/org/codehaus/gmaven/adapter/ConsoleWindow.java,org.codehaus.gmaven.adapter.ConsoleWindow$WindowHandle,interface,0,0,0,0,2,1,0,0,1,0.0,0.0,0.0,2,0,0,0,0,2,2,0,0,0,0,0,0,0,0,0,0,0,0,4,0,0,0,0,0,0,0,0,0,0,0,0,0,0,6,0,0
/home/roberto/Desktop/ProgettoEQS/UseCK/./gmaven/gmaven-adapter-api/src/main/java/org/codehaus/gmaven/adapter/ClassSource.java,org.codehaus.gmaven.adapter.ClassSource,interface,1,9,8,1,3,1,0,0,3,0.0,0.0,0.0,3,0,0,0,0,3,3,0,0,0,0,0,0,0,0,0,0,0,0,10,0,0,0,0,0,1,0,0,0,0,0,0,1,0,14,1,0
/home/roberto/Desktop/ProgettoEQS/UseCK/./gmaven/groovy-maven-plugin/src/test/java/org/codehaus/gmaven/plugin/MojoSupportTest.java,org.codehaus.gmaven.plugin.MojoSupportTest$Anonymous3,anonymous,1,1,0,1,1,1,0,0,0,0.0,NaN,NaN,1,0,0,0,1,0,1,0,0,0,0,0,0,0,0,0,0,0,0,5,0,0,0,0,0,1,0,0,0,0,0,0,0,0,4,-1,0
/home/roberto/Desktop/ProgettoEQS/UseCK/./gmaven/groovy-maven-plugin/src/main/java/org/codehaus/gmaven/plugin/ShellMojo.java,org.codehaus.gmaven.plugin.ShellMojo$Anonymous1,anonymous,2,2,0,2,1,1,0,2,0,0.0,NaN,NaN,1,0,1,0,0,0,1,0,0,0,0,0,0,0,0,0,0,0,0,5,0,0,0,0,0,0,0,0,0,0,0,0,0,0,5,-1,0
/home/roberto/Desktop/ProgettoEQS/UseCK/./gmaven/groovy-maven-plugin/src/main/java/org/codehaus/gmaven/plugin/ShellMojo.java,org.codehaus.gmaven.plugin.ShellMojo,class,8,8,0,8,1,4,0,7,0,0.0,NaN,NaN,1,0,0,0,1,0,1,0,0,0,0,0,0,0,0,0,0,0,0,14,0,0,0,0,0,1,0,4,0,4,0,1,0,0,30,1,0
/home/roberto/Desktop/ProgettoEQS/UseCK/./gmaven/groovy-maven-plugin/src/test/java/org/codehaus/gmaven/plugin/MojoSupportTest.java,org.codehaus.gmaven.plugin.MojoSupportTest$Anonymous2,anonymous,0,0,0,0,1,1,0,0,0,0.0,NaN,NaN,1,0,0,0,1,0,1,0,0,0,0,0,0,0,0,0,0,0,0,5,0,0,0,0,0,1,0,0,0,0,0,0,0,0,2,-1,0
/home/roberto/Desktop/ProgettoEQS/UseCK/./gmaven/groovy-maven-plugin/src/main/java/org/codehaus/gmaven/plugin/ExecuteMojo.java,org.codehaus.gmaven.plugin.ExecuteMojo,class,13,13,0,13,2,4,0,11,1,0.5,0.0,0.0,2,0,0,0,2,0,2,0,0,0,4,0,0,4,0,0,0,0,0,24,0,0,0,0,0,3,0,5,0,9,0,1,0,0,101,1,1
/home/roberto/Desktop/ProgettoEQS/UseCK/./gmaven/groovy-maven-plugin/src/test/java/org/codehaus/gmaven/plugin/MojoSupportTest.java,org.codehaus.gmaven.plugin.MojoSupportTest,class,7,7,0,7,10,4,0,7,3,0.44444445,0.4,0.4,6,0,6,0,0,0,6,0,0,0,3,0,0,3,0,0,0,0,0,90,0,0,0,4,0,0,13,8,0,8,1,4,1,0,26,1,0
/home/roberto/Desktop/ProgettoEQS/UseCK/./gmaven/groovy-maven-plugin/src/test/java/org/codehaus/gmaven/plugin/MojoSupportTest.java,org.codehaus.gmaven.plugin.MojoSupportTest$Anonymous4,anonymous,1,1,0,1,1,1,0,0,0,0.0,NaN,NaN,1,0,0,0,1,0,1,0,0,0,0,0,0,0,0,0,0,0,0,5,0,0,0,0,0,1,0,0,0,0,0,0,0,0,4,-1,0
/home/roberto/Desktop/ProgettoEQS/UseCK/./gmaven/groovy-maven-plugin/src/main/java/org/codehaus/gmaven/plugin/ClassSourceFactory.java,org.codehaus.gmaven.plugin.ClassSourceFactory,class,8,11,3,8,4,1,0,7,0,0.5,NaN,NaN,1,0,1,0,0,0,1,0,0,0,2,1,0,1,0,1,2,0,0,69,3,0,0,2,0,3,1,4,0,4,2,0,2,0,36,1,3
/home/roberto/Desktop/ProgettoEQS/UseCK/./gmaven/groovy-maven-plugin/src/main/java/org/codehaus/gmaven/plugin/ExecuteMojo.java,org.codehaus.gmaven.plugin.ExecuteMojo$Anonymous1,anonymous,2,2,0,2,1,1,0,3,0,0.0,NaN,NaN,1,0,1,0,0,0,1,0,0,0,0,0,0,0,0,0,0,0,0,6,0,0,0,0,0,1,0,1,0,1,0,0,0,0,4,-1,1
/home/roberto/Desktop/ProgettoEQS/UseCK/./gmaven/groovy-maven-plugin/src/test/java/org/codehaus/gmaven/plugin/GroovyRuntimeFactoryTest.java,org.codehaus.gmaven.plugin.GroovyRuntimeFactoryTest$Anonymous1,anonymous,1,1,0,1,1,1,0,1,0,0.0,NaN,NaN,1,0,0,0,1,0,1,0,0,0,0,0,0,0,0,0,0,0,0,5,1,0,0,0,0,0,0,0,0,0,0,0,0,0,5,-1,0
/home/roberto/Desktop/ProgettoEQS/UseCK/./gmaven/groovy-maven-plugin/src/test/java/org/codehaus/gmaven/plugin/util/VersionHelperTest.java,org.codehaus.gmaven.plugin.util.VersionHelperTest,class,5,5,0,5,3,2,0,6,0,0.0,1.0,1.0,3,0,3,0,0,0,3,0,0,0,1,0,0,1,0,0,0,0,0,16,0,0,0,0,0,3,6,3,1,3,0,0,0,0,15,1,0
/home/roberto/Desktop/ProgettoEQS/UseCK/./gmaven/groovy-maven-plugin/src/main/java/org/codehaus/gmaven/plugin/util/SystemNoExitGuard.java,org.codehaus.gmaven.plugin.util.SystemNoExitGuard$TaskContext,innerclass,2,2,0,2,9,1,0,7,0,0.16666667,1.0,1.0,3,0,0,1,0,2,2,0,0,2,6,0,0,6,0,0,0,0,9,46,0,0,6,0,0,4,2,10,0,6,1,0,0,0,45,10,4
/home/roberto/Desktop/ProgettoEQS/UseCK/./gmaven/gmaven-testsuite/src/test/java/org/codehaus/gmaven/testsuite/suite/Maven31x_Groovy206_SuiteIT.java,org.codehaus.gmaven.testsuite.suite.Maven31x_Groovy206_SuiteIT,class,4,4,0,4,1,2,0,2,0,0.0,NaN,NaN,1,1,1,0,0,0,1,0,0,0,0,0,0,0,0,0,0,0,2,6,0,0,0,0,0,2,0,0,0,0,0,0,0,0,17,1,0
/home/roberto/Desktop/ProgettoEQS/UseCK/./gmaven/groovy-maven-plugin/src/main/java/org/codehaus/gmaven/plugin/GroovyRuntimeFactory.java,org.codehaus.gmaven.plugin.GroovyRuntimeFactory,class,5,8,3,5,2,1,0,10,0,0.0,1.0,1.0,2,0,1,0,1,0,2,0,0,0,1,0,0,1,0,0,1,0,1,17,2,0,0,0,0,4,0,4,0,4,0,0,0,0,21,1,2
/home/roberto/Desktop/ProgettoEQS/UseCK/./gmaven/groovy-maven-plugin/src/main/java/org/codehaus/gmaven/plugin/util/MavenVersionHelper.java,org.codehaus.gmaven.plugin.util.MavenVersionHelper,class,8,10,2,8,8,1,0,12,2,0.5,0.33333334,0.33333334,4,0,3,1,0,0,3,0,0,0,2,0,0,2,0,0,1,0,0,48,3,0,2,2,0,11,0,9,0,9,3,0,0,0,41,1,8
/home/roberto/Desktop/ProgettoEQS/UseCK/./gmaven/gmaven-adapter-impl/src/main/java/org/codehaus/gmaven/adapter/impl/GroovyRuntimeImpl.java,org.codehaus.gmaven.adapter.impl.GroovyRuntimeImpl$Anonymous2,anonymous,1,1,0,1,1,1,0,1,0,0.0,NaN,NaN,1,0,1,0,0,0,1,0,0,0,0,0,0,0,0,0,0,0,0,5,1,0,0,0,0,0,0,0,0,0,0,0,0,0,9,-1,0
/home/roberto/Desktop/ProgettoEQS/UseCK/./gmaven/gmaven-adapter-impl/src/main/java/org/codehaus/gmaven/adapter/impl/GroovyRuntimeImpl.java,org.codehaus.gmaven.adapter.impl.GroovyRuntimeImpl$Anonymous3,anonymous,2,2,0,2,3,1,0,3,1,0.0,0.0,0.0,2,0,2,0,0,0,2,0,0,0,0,0,0,0,0,0,0,0,0,13,2,0,0,1,0,3,0,0,1,0,1,0,0,0,9,-1,0
/home/roberto/Desktop/ProgettoEQS/UseCK/./gmaven/groovy-maven-plugin/src/main/java/org/codehaus/gmaven/plugin/util/GroovyVersionHelper.java,org.codehaus.gmaven.plugin.util.GroovyVersionHelper,class,8,10,2,8,8,1,0,10,2,0.5,0.33333334,0.33333334,4,0,3,1,0,0,3,0,0,0,2,0,0,2,0,0,1,0,0,39,4,0,3,1,0,9,0,8,0,7,2,0,0,0,31,1,5
/home/roberto/Desktop/ProgettoEQS/UseCK/./gmaven/gmaven-adapter-api/src/main/java/org/codehaus/gmaven/adapter/ScriptExecutor.java,org.codehaus.gmaven.adapter.ScriptExecutor,interface,3,8,5,3,1,1,0,0,0,0.0,NaN,NaN,1,0,0,0,0,1,1,0,0,0,0,0,0,0,0,0,0,0,0,3,0,0,0,0,0,1,0,0,0,0,0,0,0,0,16,1,0
/home/roberto/Desktop/ProgettoEQS/UseCK/./gmaven/gmaven-adapter-impl/src/main/java/org/codehaus/gmaven/adapter/impl/GroovyRuntimeImpl.java,org.codehaus.gmaven.adapter.impl.GroovyRuntimeImpl,class,22,27,5,22,18,1,0,21,45,0.9,0.0,0.0,10,0,10,0,0,0,10,0,0,0,1,0,0,1,0,0,1,0,1,98,11,1,3,0,0,4,1,10,2,8,2,3,0,0,67,1,2
/home/roberto/Desktop/ProgettoEQS/UseCK/./gmaven/groovy-maven-plugin/src/main/java/org/codehaus/gmaven/plugin/ClassSourceFactory.java,org.codehaus.gmaven.plugin.ClassSourceFactory$ClassSourceImpl,innerclass,3,3,0,3,5,1,0,2,0,0.4,0.5,1.0,5,0,4,1,0,0,4,0,0,0,3,0,0,3,0,0,3,0,0,22,4,0,0,0,0,4,0,3,1,3,0,0,0,0,15,26,0
/home/roberto/Desktop/ProgettoEQS/UseCK/./gmaven/gmaven-testsuite/src/test/java/org/codehaus/gmaven/testsuite/suite/Maven305_Groovy215_SuiteIT.java,org.codehaus.gmaven.testsuite.suite.Maven305_Groovy215_SuiteIT,class,4,4,0,4,1,2,0,2,0,0.0,NaN,NaN,1,1,1,0,0,0,1,0,0,0,0,0,0,0,0,0,0,0,2,6,0,0,0,0,0,2,0,0,0,0,0,0,0,0,16,1,0
/home/roberto/Desktop/ProgettoEQS/UseCK/./gmaven/groovy-maven-plugin/src/test/java/org/codehaus/gmaven/plugin/util/NoExitSecurityManagerTest.java,org.codehaus.gmaven.plugin.util.NoExitSecurityManagerTest,class,5,5,0,5,5,2,0,6,8,0.6,0.1,0.1,5,0,5,0,0,0,5,0,0,0,1,0,0,1,0,0,0,0,6,20,0,0,0,0,0,0,3,2,0,1,0,0,0,0,19,1,0
/home/roberto/Desktop/ProgettoEQS/UseCK/./gmaven/gmaven-adapter-api/src/main/java/org/codehaus/gmaven/adapter/ClassSource.java,org.codehaus.gmaven.adapter.ClassSource$Inline,interface,0,0,0,0,3,1,0,0,3,0.0,0.0,0.0,3,0,0,0,0,3,3,0,0,0,0,0,0,0,0,0,0,0,0,5,0,0,0,0,0,0,0,0,0,0,0,0,0,0,7,0,0
/home/roberto/Desktop/ProgettoEQS/UseCK/./gmaven/gmaven-adapter-impl/src/main/java/org/codehaus/gmaven/adapter/impl/GroovyRuntimeImpl.java,org.codehaus.gmaven.adapter.impl.GroovyRuntimeImpl$Anonymous1,anonymous,2,2,0,2,1,1,0,2,0,0.0,NaN,NaN,1,0,1,0,0,0,1,0,0,0,0,0,0,0,0,0,0,0,0,7,1,0,0,0,0,0,0,1,0,1,0,0,0,0,9,-1,0
